id,transaction_type,date_run
VOPdG8llLPaga9iJxXcMuQ,delivery,2022-08-16 00:00:00
Mh5o8RtQNNUxhoJe6BxVkg,delivery,2022-08-16 00:00:00
UzL8_jvtznfsFDprG-O1UA,delivery,2022-08-16 00:00:00
UzL8_jvtznfsFDprG-O1UA,pickup,2022-08-16 00:00:00
xqH038QcquJEMm5LIZHd5w,delivery,2022-08-16 00:00:00
ps9ZlLoLYTfK87IjW9REfg,delivery,2022-08-16 00:00:00
jAgEaQUQMvGC2PsxYjBWOQ,delivery,2022-08-16 00:00:00
Lw7NmZ3j-WEye97ywEmkXQ,delivery,2022-08-16 00:00:00
Lw7NmZ3j-WEye97ywEmkXQ,pickup,2022-08-16 00:00:00
qERtBPTw_lLv0fkxw3cRPw,delivery,2022-08-16 00:00:00
qERtBPTw_lLv0fkxw3cRPw,pickup,2022-08-16 00:00:00
qERtBPTw_lLv0fkxw3cRPw,restaurant_reservation,2022-08-16 00:00:00
r2qcG59sAqqptnwL4aJGhg,delivery,2022-08-16 00:00:00
r2qcG59sAqqptnwL4aJGhg,pickup,2022-08-16 00:00:00
663yP3mdqau3iMUVblMaAw,delivery,2022-08-16 00:00:00
663yP3mdqau3iMUVblMaAw,restaurant_reservation,2022-08-16 00:00:00
NaGkRnNbLcJdI8cF8JE3hw,delivery,2022-08-16 00:00:00
Q4dPtOyxv86e-EYjs1aHbw,delivery,2022-08-16 00:00:00
ZTJp0VGnGth0KpQgt-DHGw,delivery,2022-08-16 00:00:00
1FHWvy2lx3ac-WAnnrawIw,delivery,2022-08-16 00:00:00
1FHWvy2lx3ac-WAnnrawIw,pickup,2022-08-16 00:00:00
rXbU5HJx6mihqazytPTgXA,delivery,2022-08-16 00:00:00
-FOAQv22SXtSBs7nptI3UA,delivery,2022-08-16 00:00:00
-FOAQv22SXtSBs7nptI3UA,pickup,2022-08-16 00:00:00
s1KxyLIx8u4ltDavPJgm_g,delivery,2022-08-16 00:00:00
UzaMrsDMM7xmxtWLPTrmKw,delivery,2022-08-16 00:00:00
UzaMrsDMM7xmxtWLPTrmKw,pickup,2022-08-16 00:00:00
OwOSuAvxoZpgS3KGkWr51w,delivery,2022-08-16 00:00:00
OwOSuAvxoZpgS3KGkWr51w,pickup,2022-08-16 00:00:00
TM4BR3uGuXmBSoUvTSdSXg,delivery,2022-08-16 00:00:00
L8RRAd-JZ0Bd4MER0yyX-g,delivery,2022-08-16 00:00:00
GrFxdNfPvdlVrueRY7XERg,delivery,2022-08-16 00:00:00
rgkwLKTmZdj72S1KmEkENg,delivery,2022-08-16 00:00:00
2FS5eBVcFJ_W461ylUs38Q,delivery,2022-08-16 00:00:00
2FS5eBVcFJ_W461ylUs38Q,pickup,2022-08-16 00:00:00
UaszJCXczQ-djWsQ0ylVAA,delivery,2022-08-16 00:00:00
g5bU0YUu7kABbhXGUNfziQ,delivery,2022-08-16 00:00:00
x8BFKHu7ajvXLOA0_33bbg,delivery,2022-08-16 00:00:00
x8BFKHu7ajvXLOA0_33bbg,pickup,2022-08-16 00:00:00
9OXEAAPONxcA2PQO75fnJQ,delivery,2022-08-16 00:00:00
uHsLwMmgNXimHu1yz3htkg,delivery,2022-08-16 00:00:00
uHsLwMmgNXimHu1yz3htkg,pickup,2022-08-16 00:00:00
ZCtSkAulGzhWd1o0oWbYgQ,delivery,2022-08-16 00:00:00
ZCtSkAulGzhWd1o0oWbYgQ,pickup,2022-08-16 00:00:00
sYEkNB9SPULlc_c8490_Dg,delivery,2022-08-16 00:00:00
X6rUPbk-s908w5_5t1bmZQ,delivery,2022-08-16 00:00:00
bBDeZ3QkljIbPPeQ__Xq-w,delivery,2022-08-16 00:00:00
bBDeZ3QkljIbPPeQ__Xq-w,pickup,2022-08-16 00:00:00
1SZoOxG9LH60pDITDNn0sw,delivery,2022-08-16 00:00:00
1SZoOxG9LH60pDITDNn0sw,pickup,2022-08-16 00:00:00
B9QnfF7SF5aYoph_ijDObQ,delivery,2022-08-16 00:00:00
B9QnfF7SF5aYoph_ijDObQ,pickup,2022-08-16 00:00:00
_aLHbaIPEO0mb3KzDkRLZw,delivery,2022-08-16 00:00:00
_aLHbaIPEO0mb3KzDkRLZw,restaurant_reservation,2022-08-16 00:00:00
Wk9f5Zpnu4T6Vzf6CF5iuA,delivery,2022-08-16 00:00:00
Wk9f5Zpnu4T6Vzf6CF5iuA,pickup,2022-08-16 00:00:00
oq5KCmPFKV28BnB4hjpo_g,delivery,2022-08-16 00:00:00
6I28wDuMBR5WLMqfKxaoeg,delivery,2022-08-16 00:00:00
6I28wDuMBR5WLMqfKxaoeg,pickup,2022-08-16 00:00:00
TiLZFYuHRp0AQNVrSOiSpQ,delivery,2022-08-16 00:00:00
c-VPsoYq4iVgjvd1lU3utA,delivery,2022-08-16 00:00:00
UOLK-I_siuXhY_s4_9YCnw,delivery,2022-08-16 00:00:00
qizc9flTWmpxLFey-1BLUg,restaurant_reservation,2022-08-16 00:00:00
qizc9flTWmpxLFey-1BLUg,delivery,2022-08-16 00:00:00
qizc9flTWmpxLFey-1BLUg,pickup,2022-08-16 00:00:00
ElzS9k2liA5twi25T2XSXQ,delivery,2022-08-16 00:00:00
6AY7UJnznddGbrccPDvuNw,delivery,2022-08-16 00:00:00
EpnbCoCjOsSOFzU647rfhg,delivery,2022-08-16 00:00:00
EpnbCoCjOsSOFzU647rfhg,pickup,2022-08-16 00:00:00
bB9mbLCKSvXltK8za8nK0A,delivery,2022-08-16 00:00:00
zoaoqW4b2a5O4DE9LS45ow,delivery,2022-08-16 00:00:00
Aj1oSIHJwbteXYfYquzUOA,delivery,2022-08-16 00:00:00
XE0C4z-DByNlXZ2IUtouhA,delivery,2022-08-16 00:00:00
XE0C4z-DByNlXZ2IUtouhA,pickup,2022-08-16 00:00:00
vLkiMZl96vJvkMaXtUEr2g,delivery,2022-08-16 00:00:00
vLkiMZl96vJvkMaXtUEr2g,pickup,2022-08-16 00:00:00
LwsjLSWvoo8fC_wL-DdcVQ,delivery,2022-08-16 00:00:00
tC9DRmULoje1qk0dB3EDAQ,delivery,2022-08-16 00:00:00
NxwrJPJLzTs0k0DQ-QCo1A,delivery,2022-08-16 00:00:00
NxwrJPJLzTs0k0DQ-QCo1A,pickup,2022-08-16 00:00:00
pHmG74puAbpCxD8aQRNDKg,delivery,2022-08-16 00:00:00
09FLRYnePKcUwGDDPIOAkg,delivery,2022-08-16 00:00:00
09FLRYnePKcUwGDDPIOAkg,pickup,2022-08-16 00:00:00
kRB2D1ThBwsNZICZHQDnmA,restaurant_reservation,2022-08-16 00:00:00
kRB2D1ThBwsNZICZHQDnmA,delivery,2022-08-16 00:00:00
lkplVF1__QuD6tKWg0SVLQ,delivery,2022-08-16 00:00:00
nUkPOJ5p4E9U7e2DbOzzMw,delivery,2022-08-16 00:00:00
nUkPOJ5p4E9U7e2DbOzzMw,pickup,2022-08-16 00:00:00
-ofDNmj8r_F875FiZr9G8w,delivery,2022-08-16 00:00:00
-ofDNmj8r_F875FiZr9G8w,pickup,2022-08-16 00:00:00
OjX2LacSZd_w2Olmx55HJA,delivery,2022-08-16 00:00:00
OjX2LacSZd_w2Olmx55HJA,pickup,2022-08-16 00:00:00
Q_xYu-RqixW4O-TlEbc1fA,delivery,2022-08-16 00:00:00
EQHHYlJhWa7zs2Tkmx_s5A,delivery,2022-08-16 00:00:00
U0pca9y7PFXIUiUeKn1sWw,delivery,2022-08-16 00:00:00
U0pca9y7PFXIUiUeKn1sWw,pickup,2022-08-16 00:00:00
UMWigSBp30eQtgMdW3h5Rg,delivery,2022-08-16 00:00:00
UMWigSBp30eQtgMdW3h5Rg,pickup,2022-08-16 00:00:00
Lk7UrSA-vlkRI-m_z6UUOQ,delivery,2022-08-16 00:00:00
BQhcvUAbrqzsLsew1STD-w,delivery,2022-08-16 00:00:00
BQhcvUAbrqzsLsew1STD-w,pickup,2022-08-16 00:00:00
orqdI_NDAdHuLNAMLhHrIg,delivery,2022-08-16 00:00:00
orqdI_NDAdHuLNAMLhHrIg,pickup,2022-08-16 00:00:00
vHfJiTfxHdpDg2l6aT1R5g,delivery,2022-08-16 00:00:00
p1TOF1XkXzLx3a-LF3lDlw,delivery,2022-08-16 00:00:00
eMFDae6rv9ARp3t0xb6FPg,delivery,2022-08-16 00:00:00
r2VHe6U8rfqo9xUFHLwwkg,delivery,2022-08-16 00:00:00
XoLfRZ0jA8cf_MYL90OgEA,delivery,2022-08-16 00:00:00
ClAQfNyMp_EuTks0fz-KXg,pickup,2022-08-16 00:00:00
ClAQfNyMp_EuTks0fz-KXg,delivery,2022-08-16 00:00:00
ElUusJtZDE4QL0cohv3-_w,delivery,2022-08-16 00:00:00
FbR3hCxZI8HPeukE7c-ZJA,pickup,2022-08-16 00:00:00
FbR3hCxZI8HPeukE7c-ZJA,delivery,2022-08-16 00:00:00
yUWE1S7cYMFVp2PqCX5p8g,pickup,2022-08-16 00:00:00
yUWE1S7cYMFVp2PqCX5p8g,delivery,2022-08-16 00:00:00
IsvlaFF0EPEhh3ahTuC4xg,delivery,2022-08-16 00:00:00
-Ym-Y_Pd_D7NbHrpEuDfBg,delivery,2022-08-16 00:00:00
m7_Q-ap4MmrYs2qc4X7PyQ,pickup,2022-08-16 00:00:00
m7_Q-ap4MmrYs2qc4X7PyQ,delivery,2022-08-16 00:00:00
Y-OgQKqreMaajTUCPbLPKg,pickup,2022-08-16 00:00:00
Y-OgQKqreMaajTUCPbLPKg,delivery,2022-08-16 00:00:00
4nNopnnahgbaa6tOiYqCzg,delivery,2022-08-16 00:00:00
Hu_9NcC3cmgKWI_h64TKRA,pickup,2022-08-16 00:00:00
Hu_9NcC3cmgKWI_h64TKRA,delivery,2022-08-16 00:00:00
NCDpIDp2f-DhPO5sL5Hbdw,pickup,2022-08-16 00:00:00
NCDpIDp2f-DhPO5sL5Hbdw,delivery,2022-08-16 00:00:00
0v-RKxYMejB30CVDjU15_g,delivery,2022-08-16 00:00:00
wDZLXV07dgigRc6XKWi1-g,delivery,2022-08-16 00:00:00
nPVDL8Iu3ourycexssk9tA,delivery,2022-08-16 00:00:00
ySKMvcI3ImApkkMkSjna9A,pickup,2022-08-16 00:00:00
ySKMvcI3ImApkkMkSjna9A,delivery,2022-08-16 00:00:00
TDVo-jn5wKQynikZi8lXIA,delivery,2022-08-16 00:00:00
Fd2P_10fj7Kv8JdIa2oQgQ,delivery,2022-08-16 00:00:00
PPrY8RkFfffWLCSX4kNHXQ,delivery,2022-08-16 00:00:00
TlKKuqPkF0dC5aYl2J1Piw,pickup,2022-08-16 00:00:00
TlKKuqPkF0dC5aYl2J1Piw,delivery,2022-08-16 00:00:00
86zB6G8EjBfm6UM4hRq4TA,delivery,2022-08-16 00:00:00
hk31VCyuTN99xZK4WNAlKA,delivery,2022-08-16 00:00:00
JQAKcOzObl2I7vLKZLkBdQ,delivery,2022-08-16 00:00:00
k5ng9LPFWH5BjAxtHqUpyg,delivery,2022-08-16 00:00:00
8Xb8xruotfuSmCGBAnLl8A,pickup,2022-08-16 00:00:00
8Xb8xruotfuSmCGBAnLl8A,delivery,2022-08-16 00:00:00
BG4ZGXyO1srEI_Tly68ReQ,pickup,2022-08-16 00:00:00
BG4ZGXyO1srEI_Tly68ReQ,delivery,2022-08-16 00:00:00
ZHMHUTDxXhufLU-iFSNntg,delivery,2022-08-16 00:00:00
CycF-FKea-x1jGukd4khyg,pickup,2022-08-16 00:00:00
CycF-FKea-x1jGukd4khyg,delivery,2022-08-16 00:00:00
Gn5erxCRML47GgbGYdxzFA,delivery,2022-08-16 00:00:00
2aILYZOWPxdlfqydJaYz_w,delivery,2022-08-16 00:00:00
_obwG8MG2OuFUe1TW3BjGw,pickup,2022-08-16 00:00:00
_obwG8MG2OuFUe1TW3BjGw,delivery,2022-08-16 00:00:00
KFMsgY5mV_wCYsa0XX_hEQ,delivery,2022-08-16 00:00:00
w8Frh2uJcT7eWBtPEBxfkA,delivery,2022-08-16 00:00:00
czZc0dlufumMXh9-Ncq2xA,delivery,2022-08-16 00:00:00
Mm85LOfXkt0pPShDdYVM-A,pickup,2022-08-16 00:00:00
Mm85LOfXkt0pPShDdYVM-A,delivery,2022-08-16 00:00:00
ucG8-u7r4plZrAKbHX9_Ow,pickup,2022-08-16 00:00:00
ucG8-u7r4plZrAKbHX9_Ow,delivery,2022-08-16 00:00:00
ZePNj2ZqimO9D2WcKZRRwg,pickup,2022-08-16 00:00:00
ZePNj2ZqimO9D2WcKZRRwg,delivery,2022-08-16 00:00:00
IeLDRhva7CJ3EXuYw5xgVg,pickup,2022-08-16 00:00:00
IeLDRhva7CJ3EXuYw5xgVg,delivery,2022-08-16 00:00:00
K6AaVnMNztGBsIOy_nNnFw,delivery,2022-08-16 00:00:00
j2maiRNh_ErcsvPBiZCkqw,pickup,2022-08-16 00:00:00
j2maiRNh_ErcsvPBiZCkqw,restaurant_reservation,2022-08-16 00:00:00
j2maiRNh_ErcsvPBiZCkqw,delivery,2022-08-16 00:00:00
IQHdw04Ymy7JrlDLIBcrhA,pickup,2022-08-16 00:00:00
IQHdw04Ymy7JrlDLIBcrhA,delivery,2022-08-16 00:00:00
lxvncNXJKThTmLmARv72pA,pickup,2022-08-16 00:00:00
lxvncNXJKThTmLmARv72pA,delivery,2022-08-16 00:00:00
Sbj_J9u0CgiKOo371bD4Kg,delivery,2022-08-16 00:00:00
1yBl7rAXsGRKyv9XYUOKng,delivery,2022-08-16 00:00:00
m7hqwHm3y-afNBsrPfHwww,delivery,2022-08-16 00:00:00
rKbQcDoi2e4SC1dznxz9gg,pickup,2022-08-16 00:00:00
rKbQcDoi2e4SC1dznxz9gg,delivery,2022-08-16 00:00:00
34IdM25cUprfJ-6ig_y99g,delivery,2022-08-16 00:00:00
7Oj8IKp1pibP4huWecsQ6A,pickup,2022-08-16 00:00:00
7Oj8IKp1pibP4huWecsQ6A,delivery,2022-08-16 00:00:00
FeGnmBb3zXMpfrjaBchf6A,delivery,2022-08-16 00:00:00
d6S_AgOYhWh3wWlCqP0_KQ,delivery,2022-08-16 00:00:00
lVSi-ilqM8FzT_HnK7cQ4A,delivery,2022-08-16 00:00:00
n6hB6mIctJQDn-DAH7MpGg,delivery,2022-08-16 00:00:00
n6hB6mIctJQDn-DAH7MpGg,pickup,2022-08-16 00:00:00
BKdSIJZ0YBaWM5YqOdNNkw,delivery,2022-08-16 00:00:00
BKdSIJZ0YBaWM5YqOdNNkw,pickup,2022-08-16 00:00:00
_wPEVw2gQpySK5GCA3dbsA,delivery,2022-08-16 00:00:00
_wPEVw2gQpySK5GCA3dbsA,pickup,2022-08-16 00:00:00
_wPEVw2gQpySK5GCA3dbsA,restaurant_reservation,2022-08-16 00:00:00
SvZEZbtqpNWjUBurscVfmQ,delivery,2022-08-16 00:00:00
SvZEZbtqpNWjUBurscVfmQ,pickup,2022-08-16 00:00:00
bzX2yVjfPEOBzBnZeWXQKQ,delivery,2022-08-16 00:00:00
bzX2yVjfPEOBzBnZeWXQKQ,pickup,2022-08-16 00:00:00
OXkT4ZYdVhbIOQOKpkU3PQ,delivery,2022-08-16 00:00:00
M8bPywd4KKfsBu39gh9ZaA,delivery,2022-08-16 00:00:00
M8bPywd4KKfsBu39gh9ZaA,pickup,2022-08-16 00:00:00
NTm6VhKpSIKkAf9D2RsElw,delivery,2022-08-16 00:00:00
NTm6VhKpSIKkAf9D2RsElw,pickup,2022-08-16 00:00:00
3hxncVCRPfmKLOyiXKXbDw,delivery,2022-08-16 00:00:00
JAowO8zNOdbuP-lm2VCYyA,delivery,2022-08-16 00:00:00
JAowO8zNOdbuP-lm2VCYyA,pickup,2022-08-16 00:00:00
QDMHg_6S4ZsKpHbenczeHg,delivery,2022-08-16 00:00:00
QDMHg_6S4ZsKpHbenczeHg,pickup,2022-08-16 00:00:00
kibB0UPXfZaMauCBsON3nw,delivery,2022-08-16 00:00:00
kibB0UPXfZaMauCBsON3nw,pickup,2022-08-16 00:00:00
LAcUhY1_9QnXIMZ9ws6TPg,delivery,2022-08-16 00:00:00
LAcUhY1_9QnXIMZ9ws6TPg,pickup,2022-08-16 00:00:00
1rkgyfwzXG7qSdVZdfRt7g,delivery,2022-08-16 00:00:00
1rkgyfwzXG7qSdVZdfRt7g,pickup,2022-08-16 00:00:00
M4SuI7Ww6lH4q4iWHn4H5A,delivery,2022-08-16 00:00:00
a4K6WMS8JW31VBteDM5TIA,delivery,2022-08-16 00:00:00
vs5dhED5Yf8kqPp06OD2QQ,delivery,2022-08-16 00:00:00
RzOn1WEsHZ-vY5ZxyfOAkw,delivery,2022-08-16 00:00:00
vRNS0XYi42TWEv1bxAA5uw,delivery,2022-08-16 00:00:00
-pa-22jT0ssGBiBaGQWiqA,delivery,2022-08-16 00:00:00
E0jzAxh2u7ifsOeZ4qnp6A,delivery,2022-08-16 00:00:00
E0jzAxh2u7ifsOeZ4qnp6A,pickup,2022-08-16 00:00:00
nwNof9-Z2KJyGl1yRf-5_A,delivery,2022-08-16 00:00:00
LPixpaSpTlVhLdijpbRuoQ,delivery,2022-08-16 00:00:00
egty45DOptyWQDJosNHFrQ,pickup,2022-08-16 00:00:00
egty45DOptyWQDJosNHFrQ,delivery,2022-08-16 00:00:00
Typ4u1aCYFBXaki_ylNTuQ,pickup,2022-08-16 00:00:00
Typ4u1aCYFBXaki_ylNTuQ,delivery,2022-08-16 00:00:00
D1PaFW10wrTUEJMUedu-rQ,delivery,2022-08-16 00:00:00
cDoFLe0IU1uc7CCPpje0oA,delivery,2022-08-16 00:00:00
DzLycxXa20wdlYeTcyc5-A,delivery,2022-08-16 00:00:00
qLzed7jKJcJgfbhqaofLzQ,pickup,2022-08-16 00:00:00
qLzed7jKJcJgfbhqaofLzQ,delivery,2022-08-16 00:00:00
A_Qxu5oMm2FxS8jtkAnXWw,delivery,2022-08-16 00:00:00
59pvPYSI-GbC6aQEUS90hg,delivery,2022-08-16 00:00:00
2xsKJEwYzjCWS7MK2qyYUg,delivery,2022-08-16 00:00:00
AGJM0sc7l4oA_kknOiLjNw,pickup,2022-08-16 00:00:00
AGJM0sc7l4oA_kknOiLjNw,delivery,2022-08-16 00:00:00
7za-bNmBBMtXKkY1-RRuIQ,delivery,2022-08-16 00:00:00
dkZiHbwggWsB3QSQhy2New,pickup,2022-08-16 00:00:00
dkZiHbwggWsB3QSQhy2New,delivery,2022-08-16 00:00:00
NCGgR0h_oDzJ1-hdoyuoog,delivery,2022-08-16 00:00:00
FW0AJpVxlvOwYE-87v3Ocg,pickup,2022-08-16 00:00:00
FW0AJpVxlvOwYE-87v3Ocg,delivery,2022-08-16 00:00:00
yEh-nLj03uJuJNyK37a30w,delivery,2022-08-16 00:00:00
YSQiqH7RIWORk_Qp-A4SOg,pickup,2022-08-16 00:00:00
YSQiqH7RIWORk_Qp-A4SOg,delivery,2022-08-16 00:00:00
BvOLqjt68GEJREOYQ_vdHw,delivery,2022-08-16 00:00:00
44OpjjkNgtgbYR92p3xNBQ,pickup,2022-08-16 00:00:00
44OpjjkNgtgbYR92p3xNBQ,delivery,2022-08-16 00:00:00
44OpjjkNgtgbYR92p3xNBQ,restaurant_reservation,2022-08-16 00:00:00
PkI2z4M1SgPkgVOMuHtuCg,pickup,2022-08-16 00:00:00
PkI2z4M1SgPkgVOMuHtuCg,delivery,2022-08-16 00:00:00
IFzC8hzQpKNfVuJh84p1sw,delivery,2022-08-16 00:00:00
Xgeb-8Fr6FvDMOTuw7r0NQ,delivery,2022-08-16 00:00:00
5G-auewhlvedttS04J0Pcw,delivery,2022-08-16 00:00:00
CDbu6A1fVHm8sZbDbD-x7A,delivery,2022-08-16 00:00:00
Dr9CxgdePozHGwU4beaYGQ,delivery,2022-08-16 00:00:00
zIczxp6kS-2kyV937xBnAA,pickup,2022-08-16 00:00:00
zIczxp6kS-2kyV937xBnAA,delivery,2022-08-16 00:00:00
xFNXW_Pu5IeVnjn9W7JF7A,delivery,2022-08-16 00:00:00
b9FAOeVB0gUqzwr-rC3DkA,delivery,2022-08-16 00:00:00
CQA0QJfpx2zH91jeBGIj0w,delivery,2022-08-16 00:00:00
E4PzUSFuduzS6tLmGgosoQ,delivery,2022-08-16 00:00:00
E4PzUSFuduzS6tLmGgosoQ,pickup,2022-08-16 00:00:00
bQeBn2adqJC7EcgtcJ395w,delivery,2022-08-16 00:00:00
bQeBn2adqJC7EcgtcJ395w,pickup,2022-08-16 00:00:00
nwrKWcWG1_g8nyUaaUwqlA,delivery,2022-08-16 00:00:00
pzjQKP3PEkclhSD-mFn7jA,delivery,2022-08-16 00:00:00
AROGz7BvHL9eGYE3-s45cw,delivery,2022-08-16 00:00:00
EyWpBPPXyICK91z-xAAT1g,delivery,2022-08-16 00:00:00
EyWpBPPXyICK91z-xAAT1g,pickup,2022-08-16 00:00:00
BLVe8EsrRKphA8Ivxuavmw,delivery,2022-08-16 00:00:00
tNQUY-hc561X0LVgABqRXA,delivery,2022-08-16 00:00:00
e8UiD4SOyfyv5PIB5i1EvQ,delivery,2022-08-16 00:00:00
xTTteSIJ-1-GkzvlU21vIQ,delivery,2022-08-16 00:00:00
xTTteSIJ-1-GkzvlU21vIQ,pickup,2022-08-16 00:00:00
nQPPzUaPIMeJdohOrrjmOQ,delivery,2022-08-16 00:00:00
bS4nymdYrOozf9LjdPgO5w,delivery,2022-08-16 00:00:00
PWKLXxGZI1On2kRcwM8Hxw,delivery,2022-08-16 00:00:00
IsWM7BrvfZgZfZnC22_64w,delivery,2022-08-16 00:00:00
IsWM7BrvfZgZfZnC22_64w,pickup,2022-08-16 00:00:00
mMMCajfv-XQ9PzzUds04vg,delivery,2022-08-16 00:00:00
fxyHWmfzcdjImgQ_UYHoTw,delivery,2022-08-16 00:00:00
nQvpbUSWSgXEMcMDE08cIA,delivery,2022-08-16 00:00:00
N5MH5TjH26QW9_SeYGaaQA,delivery,2022-08-16 00:00:00
kU4i3s3r0r47XYHYryyQhw,delivery,2022-08-16 00:00:00
qq19cwB6mvawgZ9IFn634A,delivery,2022-08-16 00:00:00
qq19cwB6mvawgZ9IFn634A,pickup,2022-08-16 00:00:00
FI5Ed1U9ML38Ey3iq1UQaQ,delivery,2022-08-16 00:00:00
KjPEiaNnCeDTX5FgqofE9A,delivery,2022-08-16 00:00:00
KjPEiaNnCeDTX5FgqofE9A,pickup,2022-08-16 00:00:00
5VVGeQdGO3wVK4Gmd-9k-Q,delivery,2022-08-16 00:00:00
wAK2nacc15ZNhyDKKFFImw,delivery,2022-08-16 00:00:00
8Puu4LRQRMyQN4xeAkN-Ug,delivery,2022-08-16 00:00:00
8Puu4LRQRMyQN4xeAkN-Ug,pickup,2022-08-16 00:00:00
mp3KT0jgce1_4GoFBoGB_A,delivery,2022-08-16 00:00:00
mp3KT0jgce1_4GoFBoGB_A,pickup,2022-08-16 00:00:00
EWrDx-M8HJpR0wVJHrflNg,delivery,2022-08-16 00:00:00
wxXMzqN0nXOMw9HYv2rhOQ,delivery,2022-08-16 00:00:00
PpAiLhErwd08QhPb06_-hA,delivery,2022-08-16 00:00:00
PpAiLhErwd08QhPb06_-hA,pickup,2022-08-16 00:00:00
oMy_YkyYr8u1_xs_WHkn8w,delivery,2022-08-16 00:00:00
19RsZR7lPGpFEy2NfD8JSA,delivery,2022-08-16 00:00:00
19RsZR7lPGpFEy2NfD8JSA,pickup,2022-08-16 00:00:00
ZurO5gfnLOak4Uap_o9G5w,delivery,2022-08-16 00:00:00
ukAVl19L4tdFOqNeZOhHQQ,delivery,2022-08-16 00:00:00
PwHQ4CCpDR1ODxuOMH1kyg,delivery,2022-08-16 00:00:00
bRkQjkgbZlPGNOgW72eyKg,delivery,2022-08-16 00:00:00
bRkQjkgbZlPGNOgW72eyKg,pickup,2022-08-16 00:00:00
qduulr6UcVzNK98R7tSt0Q,delivery,2022-08-16 00:00:00
9nJlVsm9GEz6DFhK5ckaYA,delivery,2022-08-16 00:00:00
mNdz7zdezTkiuk8S-cIKxg,delivery,2022-08-16 00:00:00
mNdz7zdezTkiuk8S-cIKxg,pickup,2022-08-16 00:00:00
JKGoWWTmoc9wprDAMdI-0w,delivery,2022-08-16 00:00:00
JKGoWWTmoc9wprDAMdI-0w,pickup,2022-08-16 00:00:00
iXq_Hq0zcmLUuw1k6Q_1Ig,delivery,2022-08-16 00:00:00
fJkrI9rT0BdsadIGuLbBSg,delivery,2022-08-16 00:00:00
4DT0mvC9Ox_sVVHJwta7Pw,delivery,2022-08-16 00:00:00
3S56qa2qVSuFZrmlyWKaNA,delivery,2022-08-16 00:00:00
aa7o97Naa4gdDL70oUmNiQ,delivery,2022-08-16 00:00:00
RS-Hlsx7k90m5QODHDs5Cg,delivery,2022-08-16 00:00:00
RS-Hlsx7k90m5QODHDs5Cg,pickup,2022-08-16 00:00:00
M5gjalaqrlkVm55RHqiaaA,delivery,2022-08-16 00:00:00
FrHhYevaOhs40xpuOpQiHg,pickup,2022-08-16 00:00:00
rGWsX_7SDtgPYXF6subJ3w,delivery,2022-08-16 00:00:00
rGWsX_7SDtgPYXF6subJ3w,pickup,2022-08-16 00:00:00
FQZQ19O53EYRtnzy6Pmw6g,delivery,2022-08-16 00:00:00
FQZQ19O53EYRtnzy6Pmw6g,pickup,2022-08-16 00:00:00
hGxKFXlzvl21rjvfLePWWw,pickup,2022-08-16 00:00:00
hGxKFXlzvl21rjvfLePWWw,delivery,2022-08-16 00:00:00
cHdeTxAl2Z6zZKUtyeJHaA,pickup,2022-08-16 00:00:00
cHdeTxAl2Z6zZKUtyeJHaA,delivery,2022-08-16 00:00:00
L2IFijBobbiWOvhISe90PQ,delivery,2022-08-16 00:00:00
s3VJhNx6sdeNGCcWET-vOQ,delivery,2022-08-16 00:00:00
oOVlLL4bZ-wAeoi_k0OUmg,pickup,2022-08-16 00:00:00
oOVlLL4bZ-wAeoi_k0OUmg,delivery,2022-08-16 00:00:00
NL5R9ta9czJ-GyjKpLwPdg,pickup,2022-08-16 00:00:00
NL5R9ta9czJ-GyjKpLwPdg,delivery,2022-08-16 00:00:00
XRq4pEDqhwdU0byGwszCFA,delivery,2022-08-16 00:00:00
LfiBtlftLQOntVHULzpUlA,delivery,2022-08-16 00:00:00
nT3E2EORXiaX2aAvUIsVBg,delivery,2022-08-16 00:00:00
3PteyRHLY42hWpL1wMl4Ig,pickup,2022-08-16 00:00:00
3PteyRHLY42hWpL1wMl4Ig,delivery,2022-08-16 00:00:00
kPw2ObI9FWLDB1EyzcBLrg,pickup,2022-08-16 00:00:00
kPw2ObI9FWLDB1EyzcBLrg,delivery,2022-08-16 00:00:00
gFJ5odOUmD65EOrwv-Xf7w,pickup,2022-08-16 00:00:00
gFJ5odOUmD65EOrwv-Xf7w,delivery,2022-08-16 00:00:00
duu0PHYLfb5bndqcNEVS2Q,delivery,2022-08-16 00:00:00
VFUabHvfP4_WM2Uu5RqVVg,pickup,2022-08-16 00:00:00
VFUabHvfP4_WM2Uu5RqVVg,delivery,2022-08-16 00:00:00
uHT6tk6YtCDQST9fJJOCow,delivery,2022-08-16 00:00:00
_3wrETt6P6f41qZUYCu76w,delivery,2022-08-16 00:00:00
I3SWFOJ-g3oFyMGqZw50bQ,delivery,2022-08-16 00:00:00
w9TR9_rj_rtQCBu82i4xBA,delivery,2022-08-16 00:00:00
FdXeE401B1cVGnjLYu85zg,delivery,2022-08-16 00:00:00
aX2ctpgS9uvFDfdzCXjecA,delivery,2022-08-16 00:00:00
KK_lUv1pju4gwdolkLoG2A,pickup,2022-08-16 00:00:00
KK_lUv1pju4gwdolkLoG2A,delivery,2022-08-16 00:00:00
iEKfq5td_rawmJit6-a5ng,delivery,2022-08-16 00:00:00
cFTq5MmBDPb_VEqQXPw2Dw,restaurant_reservation,2022-08-16 00:00:00
cFTq5MmBDPb_VEqQXPw2Dw,delivery,2022-08-16 00:00:00
cFTq5MmBDPb_VEqQXPw2Dw,pickup,2022-08-16 00:00:00
_z_yU-duavPBAqHB64UpTA,delivery,2022-08-16 00:00:00
_z_yU-duavPBAqHB64UpTA,pickup,2022-08-16 00:00:00
Gp6A9YsCv6qfSiCT5uN6EQ,delivery,2022-08-16 00:00:00
seXhmf0ry1gFsmLUDues5w,pickup,2022-08-16 00:00:00
JA4qG8bNa9wZQJe5ouuD9A,delivery,2022-08-16 00:00:00
JA4qG8bNa9wZQJe5ouuD9A,pickup,2022-08-16 00:00:00
dVqRpLvcf2nlNZSF6zCzxw,delivery,2022-08-16 00:00:00
6P0qDI8wBJd_oM9M7eKXoQ,delivery,2022-08-16 00:00:00
6P0qDI8wBJd_oM9M7eKXoQ,pickup,2022-08-16 00:00:00
XnWBv-ZgezF3aEioSGjRUA,delivery,2022-08-16 00:00:00
XnWBv-ZgezF3aEioSGjRUA,pickup,2022-08-16 00:00:00
phbhMeEye0H2I009xbID2w,delivery,2022-08-16 00:00:00
4sCCHBEpRPtCPpB8lvgKDw,delivery,2022-08-16 00:00:00
R0GmSPpYXWZbgUH-rXVVFQ,delivery,2022-08-16 00:00:00
w7V-xR789CHLGBirsgcPmg,delivery,2022-08-16 00:00:00
w7V-xR789CHLGBirsgcPmg,pickup,2022-08-16 00:00:00
GuL-R5aO4IE_NhyNjLBLtg,delivery,2022-08-16 00:00:00
GuL-R5aO4IE_NhyNjLBLtg,pickup,2022-08-16 00:00:00
MPq9DFOVsQRKSkiMjAIwug,delivery,2022-08-16 00:00:00
MPq9DFOVsQRKSkiMjAIwug,pickup,2022-08-16 00:00:00
GRTqcXMTXK2byoW0aiKX2g,delivery,2022-08-16 00:00:00
GRTqcXMTXK2byoW0aiKX2g,pickup,2022-08-16 00:00:00
M9GBPnJi2Ch7jEsD-j_KTw,pickup,2022-08-16 00:00:00
9QQ6PKGAJVEq-X5iyrJ5Gg,delivery,2022-08-16 00:00:00
9QQ6PKGAJVEq-X5iyrJ5Gg,pickup,2022-08-16 00:00:00
VRkBpEL6Hsv0Yc0OCpSqPQ,delivery,2022-08-16 00:00:00
43CI7FDQVks2blFrhXWesg,delivery,2022-08-16 00:00:00
43CI7FDQVks2blFrhXWesg,pickup,2022-08-16 00:00:00
jCXLQihKkX0Yzh7SPNutiw,delivery,2022-08-16 00:00:00
5hvXRsi_oep4ArIqKbeM_w,delivery,2022-08-16 00:00:00
5hvXRsi_oep4ArIqKbeM_w,pickup,2022-08-16 00:00:00
IrohtoYjnAR_vc6w6CRCxA,delivery,2022-08-16 00:00:00
kjoVE8SlcwKnDtfxtfjlZA,delivery,2022-08-16 00:00:00
kjoVE8SlcwKnDtfxtfjlZA,pickup,2022-08-16 00:00:00
eM8Ar2FycR0k6oX__DJ_LA,delivery,2022-08-16 00:00:00
eM8Ar2FycR0k6oX__DJ_LA,pickup,2022-08-16 00:00:00
IX6r-yraafgDACXi8jcyMQ,delivery,2022-08-16 00:00:00
IX6r-yraafgDACXi8jcyMQ,pickup,2022-08-16 00:00:00
xyBFgBwCRlUoO2L8d3RObQ,delivery,2022-08-16 00:00:00
xyBFgBwCRlUoO2L8d3RObQ,pickup,2022-08-16 00:00:00
Yy53OubLKBqhBHpHSolR7w,restaurant_reservation,2022-08-16 00:00:00
Yy53OubLKBqhBHpHSolR7w,delivery,2022-08-16 00:00:00
og1FbJYurFSyxY4RExgNtg,delivery,2022-08-16 00:00:00
uoObq-i_zB3sqTUdsm5oDQ,pickup,2022-08-16 00:00:00
uoObq-i_zB3sqTUdsm5oDQ,delivery,2022-08-16 00:00:00
5k-ZrlhxjlxMn5A6HRiMGg,delivery,2022-08-16 00:00:00
xD0fXT-0T53sSdTwsG-e1Q,pickup,2022-08-16 00:00:00
xD0fXT-0T53sSdTwsG-e1Q,delivery,2022-08-16 00:00:00
6RIduFsu4oCRRe0cwZl0Nw,delivery,2022-08-16 00:00:00
xRHV0DWLCTj1-dXMqcxxmg,pickup,2022-08-16 00:00:00
xRHV0DWLCTj1-dXMqcxxmg,delivery,2022-08-16 00:00:00
IAtb94IYM9W7eochBRPoKA,pickup,2022-08-16 00:00:00
IAtb94IYM9W7eochBRPoKA,delivery,2022-08-16 00:00:00
_2yFuoC12M9cfFxTbqCEzQ,delivery,2022-08-16 00:00:00
hs7enWmkKbz9WIsHIyOtLQ,delivery,2022-08-16 00:00:00
wsYDBIQxnq7RtSlfa6xqBQ,delivery,2022-08-16 00:00:00
G0rZd0e7KdgjL9tX0CqVug,delivery,2022-08-16 00:00:00
f1SKOuxGIBlGHiiNG_jUXg,delivery,2022-08-16 00:00:00
h7Dbi62QzPRXtqmlwUFhuA,pickup,2022-08-16 00:00:00
h7Dbi62QzPRXtqmlwUFhuA,delivery,2022-08-16 00:00:00
-0cEJtXVOQmKgmQtXI-neA,delivery,2022-08-16 00:00:00
OSl7TKl7lmMipCavuO-yMQ,pickup,2022-08-16 00:00:00
OSl7TKl7lmMipCavuO-yMQ,delivery,2022-08-16 00:00:00
KLnvmJdAGPOkyF2B3JqYZw,pickup,2022-08-16 00:00:00
KLnvmJdAGPOkyF2B3JqYZw,delivery,2022-08-16 00:00:00
DHqgsTjXHKjqzYvAQVnRAw,pickup,2022-08-16 00:00:00
DHqgsTjXHKjqzYvAQVnRAw,delivery,2022-08-16 00:00:00
Z2zTlP_hTnUtO11HQPxaoA,delivery,2022-08-16 00:00:00
jOOG3PQf0JEqyu2mWOxjdg,pickup,2022-08-16 00:00:00
jOOG3PQf0JEqyu2mWOxjdg,delivery,2022-08-16 00:00:00
HdFCZ3Q7uuejE_eskloPUw,pickup,2022-08-16 00:00:00
HdFCZ3Q7uuejE_eskloPUw,delivery,2022-08-16 00:00:00
zBYwHQHR5aE3uHgAP0b3tw,pickup,2022-08-16 00:00:00
zBYwHQHR5aE3uHgAP0b3tw,restaurant_reservation,2022-08-16 00:00:00
zBYwHQHR5aE3uHgAP0b3tw,delivery,2022-08-16 00:00:00
V2OuYYVA55GTGyo602tQuA,delivery,2022-08-16 00:00:00
g6kUGkuVCZX5-Rr8NgNLsA,delivery,2022-08-16 00:00:00
g6kUGkuVCZX5-Rr8NgNLsA,pickup,2022-08-16 00:00:00
13YPvorRFcpVNoRxkKntGQ,delivery,2022-08-16 00:00:00
13YPvorRFcpVNoRxkKntGQ,pickup,2022-08-16 00:00:00
p94tBRrbW3AnH1OFaf8Vqg,delivery,2022-08-16 00:00:00
p94tBRrbW3AnH1OFaf8Vqg,pickup,2022-08-16 00:00:00
rDhExHxELL8lckVl1yWBNA,delivery,2022-08-16 00:00:00
ABZ1gV7OVUW6KMYFTYHm9A,delivery,2022-08-16 00:00:00
OJlYzcWkdrHhDyzwJi3bIQ,delivery,2022-08-16 00:00:00
OJlYzcWkdrHhDyzwJi3bIQ,pickup,2022-08-16 00:00:00
WZbZ8h_60QMQvO4vpIWpxQ,delivery,2022-08-16 00:00:00
WZbZ8h_60QMQvO4vpIWpxQ,pickup,2022-08-16 00:00:00
wOkaZPQW2IRvG_eXYmdCYg,delivery,2022-08-16 00:00:00
wOkaZPQW2IRvG_eXYmdCYg,pickup,2022-08-16 00:00:00
TUZ8bJufEb_DmzvIOVVutA,delivery,2022-08-16 00:00:00
zEZi-VmBSZaDq09ab2bT9g,delivery,2022-08-16 00:00:00
DgNKaOrCZg4CB51QY2DHMQ,delivery,2022-08-16 00:00:00
RPKigaA-6DAKFmOn7NHveQ,delivery,2022-08-16 00:00:00
RPKigaA-6DAKFmOn7NHveQ,pickup,2022-08-16 00:00:00
HRh--R5HWAvt35RQfzFufQ,delivery,2022-08-16 00:00:00
Eh-7d5coQltQfQWAtWnPyg,delivery,2022-08-16 00:00:00
pSYEUisXSN4DQ9A1BWGEQw,delivery,2022-08-16 00:00:00
hEls5TeoqMGSoi89fK6Cdg,delivery,2022-08-16 00:00:00
hr0NwXXap5nhsZ1PslEkrg,delivery,2022-08-16 00:00:00
mO-OPKmvA4VtpZHoAlvFxA,delivery,2022-08-16 00:00:00
mO-OPKmvA4VtpZHoAlvFxA,pickup,2022-08-16 00:00:00
wxGWB6weHBCY3aE9f4x1cQ,delivery,2022-08-16 00:00:00
wxGWB6weHBCY3aE9f4x1cQ,pickup,2022-08-16 00:00:00
JyGA_iaBmyaSxwQeCc7SWw,delivery,2022-08-16 00:00:00
JyGA_iaBmyaSxwQeCc7SWw,pickup,2022-08-16 00:00:00
o4iXKRmKpIBOzymg8Wa6dw,delivery,2022-08-16 00:00:00
2wceIVHS2iTwPDs4Brnlfg,delivery,2022-08-16 00:00:00
2wceIVHS2iTwPDs4Brnlfg,pickup,2022-08-16 00:00:00
018rYSHznjI1lzEU9PDavA,delivery,2022-08-16 00:00:00
018rYSHznjI1lzEU9PDavA,pickup,2022-08-16 00:00:00
9f7u7o1kFgcJBOqH-epZ1A,delivery,2022-08-16 00:00:00
RnKZxQs-kx85N8YBz55r1w,delivery,2022-08-16 00:00:00
RnKZxQs-kx85N8YBz55r1w,pickup,2022-08-16 00:00:00
eqsdkewbNSUtSBvU5JWobg,pickup,2022-08-16 00:00:00
eqsdkewbNSUtSBvU5JWobg,delivery,2022-08-16 00:00:00
DMwvKZrsmSuU7y2adJgazg,pickup,2022-08-16 00:00:00
DMwvKZrsmSuU7y2adJgazg,delivery,2022-08-16 00:00:00
5OC7hhzFcMXhJsCng35Upg,pickup,2022-08-16 00:00:00
5OC7hhzFcMXhJsCng35Upg,delivery,2022-08-16 00:00:00
-YlkKYlHYKNcrBs21V-WfQ,delivery,2022-08-16 00:00:00
Vuqc6s6gsYpGMVY34nTc_g,pickup,2022-08-16 00:00:00
Vuqc6s6gsYpGMVY34nTc_g,delivery,2022-08-16 00:00:00
gB4EYJyfojVme3sle9xz-Q,delivery,2022-08-16 00:00:00
3jYycHbe2BHzTzh8KZK_tg,pickup,2022-08-16 00:00:00
3jYycHbe2BHzTzh8KZK_tg,delivery,2022-08-16 00:00:00
FMJDwdoPRV64185m-OU7Pg,delivery,2022-08-16 00:00:00
xYpw8slGWrhofgwfMX8-tA,pickup,2022-08-16 00:00:00
xYpw8slGWrhofgwfMX8-tA,delivery,2022-08-16 00:00:00
GbOeFx7ql7EPSlKv1tModQ,delivery,2022-08-16 00:00:00
R7RFX9IlMgNftKT0f9uudQ,delivery,2022-08-16 00:00:00
M7JdI3VA0fA325CFKHixcQ,delivery,2022-08-16 00:00:00
6OVriioGG7w7Nwq5Q25WtA,pickup,2022-08-16 00:00:00
6OVriioGG7w7Nwq5Q25WtA,delivery,2022-08-16 00:00:00
rcxek1FRLSZa4dt0qAY82Q,delivery,2022-08-16 00:00:00
NulXitxz9FaPSQReNehACQ,delivery,2022-08-16 00:00:00
XV8DTInJ-Cv1ZES4mGyHnw,delivery,2022-08-16 00:00:00
ykmEzzsAix6YOhyBrFK0og,delivery,2022-08-16 00:00:00
pt5F2YJEDpTBudYlYbV9bw,pickup,2022-08-16 00:00:00
pt5F2YJEDpTBudYlYbV9bw,delivery,2022-08-16 00:00:00
aavc3fYB9sq9ZdEuLJtdJw,delivery,2022-08-16 00:00:00
b4Iw-XvcstHPYaSIAsL0fg,delivery,2022-08-16 00:00:00
Dj9UJMxrhg-mOVvbG0abPA,delivery,2022-08-16 00:00:00
dqI9SJFUcAB_IB0Rj7D3ag,delivery,2022-08-16 00:00:00
IDJCri3iiE82Knw-n7-n6A,pickup,2022-08-16 00:00:00
IDJCri3iiE82Knw-n7-n6A,delivery,2022-08-16 00:00:00
waU7h3jwePqPuZo-OIgaGg,pickup,2022-08-16 00:00:00
waU7h3jwePqPuZo-OIgaGg,delivery,2022-08-16 00:00:00
5oGqBLSt3m8ijsDFsFBrtw,delivery,2022-08-16 00:00:00
4VQZcSdhdzijEGRqftnfnw,delivery,2022-08-16 00:00:00
9vp47oNBP3iHTTPgrsWyNQ,delivery,2022-08-16 00:00:00
FWQCmFEe74oh7UmSHjZ1LQ,pickup,2022-08-16 00:00:00
FWQCmFEe74oh7UmSHjZ1LQ,delivery,2022-08-16 00:00:00
yMLSALRbwRNG9JsqRUAPGw,pickup,2022-08-16 00:00:00
yMLSALRbwRNG9JsqRUAPGw,delivery,2022-08-16 00:00:00
yMLSALRbwRNG9JsqRUAPGw,restaurant_reservation,2022-08-16 00:00:00
ASysAjWXei6Xbg4P7F4fcQ,delivery,2022-08-16 00:00:00
eYkI5ZNx_PJ7qrJMwwW4OQ,pickup,2022-08-16 00:00:00
eYkI5ZNx_PJ7qrJMwwW4OQ,delivery,2022-08-16 00:00:00
CmlE763fqFgkBq4FK2GWtg,delivery,2022-08-16 00:00:00
lME7GGyJbY5L5ib2XV9_zA,pickup,2022-08-16 00:00:00
lME7GGyJbY5L5ib2XV9_zA,delivery,2022-08-16 00:00:00
1xKrv2QFYV-5A83fOUtlOQ,delivery,2022-08-16 00:00:00
CMGAg3ieK5Iz28p56q5WWQ,pickup,2022-08-16 00:00:00
CMGAg3ieK5Iz28p56q5WWQ,delivery,2022-08-16 00:00:00
8e3MieLe25mitGD8O9O91A,pickup,2022-08-16 00:00:00
qzIumu1abxuNyvpH_JzI_A,pickup,2022-08-16 00:00:00
qzIumu1abxuNyvpH_JzI_A,delivery,2022-08-16 00:00:00
9hMjWWnGAheTxLh-F-sURg,pickup,2022-08-16 00:00:00
9hMjWWnGAheTxLh-F-sURg,delivery,2022-08-16 00:00:00
XrdWEvW7KLEpCO7OrP8GDg,delivery,2022-08-16 00:00:00
Ic8vm_azp9sKVBp9BRBufg,pickup,2022-08-16 00:00:00
Ic8vm_azp9sKVBp9BRBufg,delivery,2022-08-16 00:00:00
r17adtCvWYvTexfLrQX56w,delivery,2022-08-16 00:00:00
sOupzjTxg6Crwj9DTxINmA,pickup,2022-08-16 00:00:00
VwiiFIDBeSLpZyXoC53Ugw,pickup,2022-08-16 00:00:00
VwiiFIDBeSLpZyXoC53Ugw,delivery,2022-08-16 00:00:00
2hrJri9OvhI5Hw4-V5njRA,pickup,2022-08-16 00:00:00
2hrJri9OvhI5Hw4-V5njRA,delivery,2022-08-16 00:00:00
AN4L1f5yQF0wW-J97JSceg,delivery,2022-08-16 00:00:00
QVmnZZaejnpRQ7A0gG3Zbg,pickup,2022-08-16 00:00:00
QVmnZZaejnpRQ7A0gG3Zbg,delivery,2022-08-16 00:00:00
LAj25s5eeEP9Tarl-pEzYg,pickup,2022-08-16 00:00:00
LAj25s5eeEP9Tarl-pEzYg,delivery,2022-08-16 00:00:00
etXPfcIA07JprpGcVJiu4w,delivery,2022-08-16 00:00:00
FiqWlQ9hlnD5adZ_F-cUBg,delivery,2022-08-16 00:00:00
FiqWlQ9hlnD5adZ_F-cUBg,pickup,2022-08-16 00:00:00
Qo-l9tezF_ApTFzUhnPK1w,delivery,2022-08-16 00:00:00
Qo-l9tezF_ApTFzUhnPK1w,pickup,2022-08-16 00:00:00
ldDO6kIhUfwh6KRiKatF4g,delivery,2022-08-16 00:00:00
ldDO6kIhUfwh6KRiKatF4g,pickup,2022-08-16 00:00:00
JXRZqx7qpqmvMt5K10djAA,delivery,2022-08-16 00:00:00
JXRZqx7qpqmvMt5K10djAA,pickup,2022-08-16 00:00:00
N2E6bOyKqwHWClwVTYPaEA,delivery,2022-08-16 00:00:00
N2E6bOyKqwHWClwVTYPaEA,pickup,2022-08-16 00:00:00
pMO1xkA_-h4VrYylvcjnkg,delivery,2022-08-16 00:00:00
pMO1xkA_-h4VrYylvcjnkg,pickup,2022-08-16 00:00:00
ZZ95hfUvppoVvVIXB8Ew_w,delivery,2022-08-16 00:00:00
ZZ95hfUvppoVvVIXB8Ew_w,pickup,2022-08-16 00:00:00
24Jc2hoXyu2H9i6HPyUxiA,delivery,2022-08-16 00:00:00
HSZiy61byjZ-eOl6oSvvMg,delivery,2022-08-16 00:00:00
HSZiy61byjZ-eOl6oSvvMg,pickup,2022-08-16 00:00:00
SwIjpF_x-bN4dS0lUY-oZw,delivery,2022-08-16 00:00:00
SwIjpF_x-bN4dS0lUY-oZw,pickup,2022-08-16 00:00:00
45iVzFsXpjUuiBw0Dhc_Qg,delivery,2022-08-16 00:00:00
45iVzFsXpjUuiBw0Dhc_Qg,pickup,2022-08-16 00:00:00
Fnn8DbblPlC-gtiFTrUyEw,delivery,2022-08-16 00:00:00
1DzzwU8qFN70M9YyoMiLAw,delivery,2022-08-16 00:00:00
2YZQLxFDHQAaR2sSSYi9gw,delivery,2022-08-16 00:00:00
ycxC__uMC3LPLTWYdE_e5w,delivery,2022-08-16 00:00:00
VuOw8cqU9ZYr45f3PltroA,delivery,2022-08-16 00:00:00
VuOw8cqU9ZYr45f3PltroA,pickup,2022-08-16 00:00:00
aNkKTZyTwgf2KuPxtupPpQ,delivery,2022-08-16 00:00:00
ABJb2NI6ty03Ty4gRvEu5w,delivery,2022-08-16 00:00:00
X0DkXqaRwCvq1pAqVwDXbQ,delivery,2022-08-16 00:00:00
X0DkXqaRwCvq1pAqVwDXbQ,pickup,2022-08-16 00:00:00
dyN-UDqTKMk9lnv99DBbhw,delivery,2022-08-16 00:00:00
dyN-UDqTKMk9lnv99DBbhw,pickup,2022-08-16 00:00:00
rVj2n1kfQ6BsR-x0KABZAg,delivery,2022-08-16 00:00:00
rVj2n1kfQ6BsR-x0KABZAg,pickup,2022-08-16 00:00:00
ZDtXIBSvYloV-tgqNR0Dfg,delivery,2022-08-16 00:00:00
v2Z7JI6bQQhrJ2Kmm1mJjQ,delivery,2022-08-16 00:00:00
aGJaD51iRB9JVMk0KDG1mg,delivery,2022-08-16 00:00:00
nhRCkR9FY1OTpw-bv1u5Aw,delivery,2022-08-16 00:00:00
nhRCkR9FY1OTpw-bv1u5Aw,pickup,2022-08-16 00:00:00
b4BNTpkD7gJGoP0jBp4mCA,delivery,2022-08-16 00:00:00
hSwWhrlzCr2sAyad-x7UNg,pickup,2022-08-16 00:00:00
hSwWhrlzCr2sAyad-x7UNg,delivery,2022-08-16 00:00:00
mfR8XPInfC3dNysAEBqcLA,delivery,2022-08-16 00:00:00
LVzbg6hekM2EviSE88lZqA,pickup,2022-08-16 00:00:00
LVzbg6hekM2EviSE88lZqA,delivery,2022-08-16 00:00:00
OUEJMTWS7w0LsDs3QU7AOw,delivery,2022-08-16 00:00:00
wXF3L9URj4Qy_2RKtwNiKw,pickup,2022-08-16 00:00:00
wXF3L9URj4Qy_2RKtwNiKw,delivery,2022-08-16 00:00:00
spbJ1hhcMkYafoJcDCtZXg,delivery,2022-08-16 00:00:00
Ih8PcUyFGrEX2PKZfHqdWg,delivery,2022-08-16 00:00:00
tgw9HPkxEHfmEJ82jI6Ovw,pickup,2022-08-16 00:00:00
tgw9HPkxEHfmEJ82jI6Ovw,delivery,2022-08-16 00:00:00
MMPU8deeo2uO6tGT5TV_UA,pickup,2022-08-16 00:00:00
MMPU8deeo2uO6tGT5TV_UA,delivery,2022-08-16 00:00:00
uakk24V_xpD-INF6kxc4rg,pickup,2022-08-16 00:00:00
uakk24V_xpD-INF6kxc4rg,delivery,2022-08-16 00:00:00
aOCqNgTnTbdAbY61ZgRPaA,pickup,2022-08-16 00:00:00
aOCqNgTnTbdAbY61ZgRPaA,delivery,2022-08-16 00:00:00
j86IuX53cL6Qo7mhR8t5Rg,pickup,2022-08-16 00:00:00
j86IuX53cL6Qo7mhR8t5Rg,delivery,2022-08-16 00:00:00
agJ6rlBoItb5zcs9f8oeLg,pickup,2022-08-16 00:00:00
agJ6rlBoItb5zcs9f8oeLg,delivery,2022-08-16 00:00:00
nHcaLtyRBxfM_WnzXFAp-Q,pickup,2022-08-16 00:00:00
nHcaLtyRBxfM_WnzXFAp-Q,delivery,2022-08-16 00:00:00
L5AL3EIl085kjESUj0POfQ,pickup,2022-08-16 00:00:00
L5AL3EIl085kjESUj0POfQ,delivery,2022-08-16 00:00:00
i5l44iAFeMC80o4vDLh3Gg,delivery,2022-08-16 00:00:00
8MkseGa6h5HnxgHn9OkM8w,pickup,2022-08-16 00:00:00
8MkseGa6h5HnxgHn9OkM8w,delivery,2022-08-16 00:00:00
khq5Bhclg2Lud0vzWdlJQg,delivery,2022-08-16 00:00:00
zauzlycgK_KaluWM3_4I5A,delivery,2022-08-16 00:00:00
kh_RJCN-Xn7sP5tenN2WsA,pickup,2022-08-16 00:00:00
kh_RJCN-Xn7sP5tenN2WsA,delivery,2022-08-16 00:00:00
y00JHyjCcItqa-p4tF2U9Q,pickup,2022-08-16 00:00:00
y00JHyjCcItqa-p4tF2U9Q,delivery,2022-08-16 00:00:00
s8Az5P2gKVT8eVYyFVmYKg,pickup,2022-08-16 00:00:00
s8Az5P2gKVT8eVYyFVmYKg,restaurant_reservation,2022-08-16 00:00:00
s8Az5P2gKVT8eVYyFVmYKg,delivery,2022-08-16 00:00:00
GXz21OgpWOtnCF0GDXHPhA,pickup,2022-08-16 00:00:00
GXz21OgpWOtnCF0GDXHPhA,restaurant_reservation,2022-08-16 00:00:00
PHVJmQeIKNEMNjXq5DhZFA,pickup,2022-08-16 00:00:00
PHVJmQeIKNEMNjXq5DhZFA,delivery,2022-08-16 00:00:00
CwvRIblqSTc1McIE9hwhFA,pickup,2022-08-16 00:00:00
CwvRIblqSTc1McIE9hwhFA,delivery,2022-08-16 00:00:00
tDKWzwi3NS1EUIpuGf_y5w,delivery,2022-08-16 00:00:00
nDTMlsuEWB3MXu6iNDdHhA,pickup,2022-08-16 00:00:00
nDTMlsuEWB3MXu6iNDdHhA,delivery,2022-08-16 00:00:00
3brqIHHR7Fg34bWlKyDzMQ,delivery,2022-08-16 00:00:00
PlCFcGxCXJJ2uMLznyoASQ,pickup,2022-08-16 00:00:00
PlCFcGxCXJJ2uMLznyoASQ,delivery,2022-08-16 00:00:00
uYI_OuUkEUEtjJaBGxJg1g,pickup,2022-08-16 00:00:00
uYI_OuUkEUEtjJaBGxJg1g,delivery,2022-08-16 00:00:00
CcIZSYq_GwDve-cyHmjTSw,pickup,2022-08-16 00:00:00
CcIZSYq_GwDve-cyHmjTSw,delivery,2022-08-16 00:00:00
GQlmlX3Npg60DULuGugOCg,delivery,2022-08-16 00:00:00
DySJj5h0DLa0JnVhRcXbEQ,delivery,2022-08-16 00:00:00
EwrAoy7XbX8nfemZdDvupA,pickup,2022-08-16 00:00:00
EwrAoy7XbX8nfemZdDvupA,delivery,2022-08-16 00:00:00
cAFXng3Gr1cBCFkP1VIxng,delivery,2022-08-16 00:00:00
eIg2MG481wqeuJkrRYL0_A,pickup,2022-08-16 00:00:00
eIg2MG481wqeuJkrRYL0_A,delivery,2022-08-16 00:00:00
7p9bx9mRvkwoPE2MwfBXNA,delivery,2022-08-16 00:00:00
EAhPBA_qT2fe3RFk9eii3g,delivery,2022-08-16 00:00:00
EIy9tZoLlheanrH7ozOx1Q,delivery,2022-08-16 00:00:00
aMHOtT5WI4inmIV8kavmIw,delivery,2022-08-16 00:00:00
cEwO0znkxTSKCVUfzpvz2w,pickup,2022-08-16 00:00:00
cEwO0znkxTSKCVUfzpvz2w,delivery,2022-08-16 00:00:00
WTATU5YEkzz8ut-patK5gw,delivery,2022-08-16 00:00:00
ug_QHgsMXDO16_lSs6ywRQ,pickup,2022-08-16 00:00:00
ug_QHgsMXDO16_lSs6ywRQ,delivery,2022-08-16 00:00:00
qotVFB0p1fRa9Eeq9q4waQ,delivery,2022-08-16 00:00:00
KyGgKyhLPzqiRUrDMuxx_A,delivery,2022-08-16 00:00:00
CH9Eh9DT-lsao_qSCdC5bw,restaurant_reservation,2022-08-16 00:00:00
wV2lc3dOoIHRT_SfmEohtA,pickup,2022-08-16 00:00:00
wV2lc3dOoIHRT_SfmEohtA,delivery,2022-08-16 00:00:00
LAYH-S2juj5Z2q1_XVwDzQ,delivery,2022-08-16 00:00:00
05mo3jmxIGXmSlIaJHCPXQ,delivery,2022-08-16 00:00:00
ugTsEtjvwRhteac_6JcuPw,pickup,2022-08-16 00:00:00
ugTsEtjvwRhteac_6JcuPw,delivery,2022-08-16 00:00:00
EP1SGHNwZNKe82wfqIsPkw,delivery,2022-08-16 00:00:00
fUgBP5sRHkV1bXrn-B3-XQ,delivery,2022-08-16 00:00:00
lsPbAbYFGlmhon2MY_ddJg,delivery,2022-08-16 00:00:00
s3BaELzbrfq9va1X0tYTJA,pickup,2022-08-16 00:00:00
s3BaELzbrfq9va1X0tYTJA,delivery,2022-08-16 00:00:00
B-vdMLVXa5Q4I2e3M8eaFA,delivery,2022-08-16 00:00:00
EEhJ94TPnCqp1yJDuuqOsw,delivery,2022-08-16 00:00:00
T5F_hgdrYRIiIqYPKdGvzg,delivery,2022-08-16 00:00:00
hj9s0BVirRTTS4ZV_DtRtw,delivery,2022-08-16 00:00:00
hj9s0BVirRTTS4ZV_DtRtw,pickup,2022-08-16 00:00:00
ASdrTo7aVTTKNjVvT1mBDg,delivery,2022-08-16 00:00:00
ASdrTo7aVTTKNjVvT1mBDg,pickup,2022-08-16 00:00:00
J0b8Te_N1DgtutZLsFZOSQ,delivery,2022-08-16 00:00:00
5UBPVf1jALowHjWrF9Wbsw,delivery,2022-08-16 00:00:00
Z23hjESRQpfdOwd5f-AXjA,delivery,2022-08-16 00:00:00
w_wsvENczh08bsMWQUHCTA,delivery,2022-08-16 00:00:00
w_wsvENczh08bsMWQUHCTA,pickup,2022-08-16 00:00:00
lqxaHsByP4IDsWlrqXhCDQ,delivery,2022-08-16 00:00:00
lqxaHsByP4IDsWlrqXhCDQ,pickup,2022-08-16 00:00:00
FE5SPrt6fCb1OBIr12-H9g,delivery,2022-08-16 00:00:00
OaxLsM4V3PD2eAn-wq2oig,delivery,2022-08-16 00:00:00
GoWeog3TbHM6SL9dL_AnTA,delivery,2022-08-16 00:00:00
GoWeog3TbHM6SL9dL_AnTA,pickup,2022-08-16 00:00:00
14YlsHhVmVRLuMbnVTUUgw,delivery,2022-08-16 00:00:00
IIHDuM9KiNBwL3mm5et_IA,delivery,2022-08-16 00:00:00
pjxLWC1XqPGAdPxZupJgBg,delivery,2022-08-16 00:00:00
FtnhaLGRsDsq2phVU2xg1Q,delivery,2022-08-16 00:00:00
FtnhaLGRsDsq2phVU2xg1Q,pickup,2022-08-16 00:00:00
Ss_66zV-zhK_57_6MgV93w,delivery,2022-08-16 00:00:00
JxBXfZ9na3Qbe-HuXg0rbQ,delivery,2022-08-16 00:00:00
fvUdjct7MHUrLQh2FZheag,delivery,2022-08-16 00:00:00
fvUdjct7MHUrLQh2FZheag,pickup,2022-08-16 00:00:00
smOVPL87Q0XHACrVMPa8qw,delivery,2022-08-16 00:00:00
smOVPL87Q0XHACrVMPa8qw,pickup,2022-08-16 00:00:00
7eoMEbus8ANI15VuYzUNkQ,delivery,2022-08-16 00:00:00
7eoMEbus8ANI15VuYzUNkQ,pickup,2022-08-16 00:00:00
IG3coLN6LzPGp4EKOLCxDA,delivery,2022-08-16 00:00:00
HsRIWXyGXvLhA_EMym5Xgg,delivery,2022-08-16 00:00:00
HsRIWXyGXvLhA_EMym5Xgg,pickup,2022-08-16 00:00:00
0zyWCjmU4q3D2YJzJUULqA,delivery,2022-08-16 00:00:00
0zyWCjmU4q3D2YJzJUULqA,pickup,2022-08-16 00:00:00
m_x3dvMGCvXF0Fj6AeauoA,delivery,2022-08-16 00:00:00
m_x3dvMGCvXF0Fj6AeauoA,pickup,2022-08-16 00:00:00
MMencTTsDncjlu6M9r7byA,delivery,2022-08-16 00:00:00
0GMUVpxMjRrKk7vJO3EC8w,delivery,2022-08-16 00:00:00
0GMUVpxMjRrKk7vJO3EC8w,pickup,2022-08-16 00:00:00
bQaAtyu6D1ZEVEuVfdRdAQ,delivery,2022-08-16 00:00:00
bQaAtyu6D1ZEVEuVfdRdAQ,pickup,2022-08-16 00:00:00
gZ7GyCmg6lmrqsAIGjlazQ,delivery,2022-08-16 00:00:00
gZ7GyCmg6lmrqsAIGjlazQ,pickup,2022-08-16 00:00:00
4Hx5TQ3tQ47LPeRJZnfi5g,delivery,2022-08-16 00:00:00
MRz8tmfcELr7bU1l0mLY9A,delivery,2022-08-16 00:00:00
R_iphdU9yV9NqmYHvjci_g,delivery,2022-08-16 00:00:00
qeOmotu43iqqgHvtiCHRRQ,delivery,2022-08-16 00:00:00
qeOmotu43iqqgHvtiCHRRQ,pickup,2022-08-16 00:00:00
NvH9Mgar5JrVwZqYRPfloA,delivery,2022-08-16 00:00:00
NvH9Mgar5JrVwZqYRPfloA,pickup,2022-08-16 00:00:00
LfC7-8pAx3F-yiEO8cvfkA,delivery,2022-08-16 00:00:00
LfC7-8pAx3F-yiEO8cvfkA,pickup,2022-08-16 00:00:00
Xai1cZgj2Qm2owxt4zXKOA,delivery,2022-08-16 00:00:00
OYRdDA88AkyUlUmriMGWxw,delivery,2022-08-16 00:00:00
OYRdDA88AkyUlUmriMGWxw,pickup,2022-08-16 00:00:00
dkPWs-XCBYMTzU8bJxLIuQ,delivery,2022-08-16 00:00:00
iLiUs9hD98RzGEbogm8ALw,delivery,2022-08-16 00:00:00
iLiUs9hD98RzGEbogm8ALw,pickup,2022-08-16 00:00:00
RwVSt0N7-Le9ekGnZZwNjQ,delivery,2022-08-16 00:00:00
LKNeBxs0pl1oiAQ2LpmTgg,pickup,2022-08-16 00:00:00
YlS7EM5icSaiqPUv1sRIYQ,delivery,2022-08-16 00:00:00
YlS7EM5icSaiqPUv1sRIYQ,pickup,2022-08-16 00:00:00
vMAXUk26RY7xhLIq8GKcuw,delivery,2022-08-16 00:00:00
Xb2eROYyzpRlhNUu4LHSYg,delivery,2022-08-16 00:00:00
JaK1jA7D3Z4_8g9DySLZ8A,delivery,2022-08-16 00:00:00
Ml--0oQNInRWmJyLk8uTKQ,delivery,2022-08-16 00:00:00
mEPqX3Uz29KGxFXhl4NghA,delivery,2022-08-16 00:00:00
mEPqX3Uz29KGxFXhl4NghA,pickup,2022-08-16 00:00:00
DeATAIXJ-kEAKyKePBsfHQ,delivery,2022-08-16 00:00:00
DeATAIXJ-kEAKyKePBsfHQ,pickup,2022-08-16 00:00:00
SLbSa_D8zNTV2sqXgqpF0w,delivery,2022-08-16 00:00:00
kPf6ZfKaFuOZ7qFa8Us4xg,delivery,2022-08-16 00:00:00
sCjygKB98dDxylziq6tV9A,delivery,2022-08-16 00:00:00
sCjygKB98dDxylziq6tV9A,pickup,2022-08-16 00:00:00
s31lZnlICS6GZE9vPfHNdg,delivery,2022-08-16 00:00:00
s31lZnlICS6GZE9vPfHNdg,pickup,2022-08-16 00:00:00
6cGW6DTYtkv2KAx4dsRKxQ,delivery,2022-08-16 00:00:00
6cGW6DTYtkv2KAx4dsRKxQ,pickup,2022-08-16 00:00:00
yi9xXidbjh_bTM9J0MElwQ,delivery,2022-08-16 00:00:00
yi9xXidbjh_bTM9J0MElwQ,pickup,2022-08-16 00:00:00
qznc7_yV0VEWtgO27ywhjA,delivery,2022-08-16 00:00:00
Jm4BDL94PQmfGuVZxDKytg,delivery,2022-08-16 00:00:00
hPOm6RjAMhZYu9mVFmEwNA,delivery,2022-08-16 00:00:00
ye3n048GGn9Nl7X9jAQOwg,delivery,2022-08-16 00:00:00
1o2LDytKCmW9PVcYh5q7kw,delivery,2022-08-16 00:00:00
1o2LDytKCmW9PVcYh5q7kw,pickup,2022-08-16 00:00:00
uyW5hQ5MmayW-uwUWvzQCw,delivery,2022-08-16 00:00:00
uyW5hQ5MmayW-uwUWvzQCw,pickup,2022-08-16 00:00:00
m2Znp7ef4kKoLFp6aiEdXQ,delivery,2022-08-16 00:00:00
m2Znp7ef4kKoLFp6aiEdXQ,pickup,2022-08-16 00:00:00
IJJKpDc-0saloLARTETL5w,delivery,2022-08-16 00:00:00
KqtOj1rpjcucDFBC9UZM9w,delivery,2022-08-16 00:00:00
KqtOj1rpjcucDFBC9UZM9w,pickup,2022-08-16 00:00:00
g6NKaDzgjDz3TJUS05hxrw,delivery,2022-08-16 00:00:00
g6NKaDzgjDz3TJUS05hxrw,pickup,2022-08-16 00:00:00
O50nXmuHmeNgVaFvSmj41Q,pickup,2022-08-16 00:00:00
7sKYAmbDENphkWk2zhOIGg,delivery,2022-08-16 00:00:00
7sKYAmbDENphkWk2zhOIGg,pickup,2022-08-16 00:00:00
Z2x0Ck_DvTFOItm3InC6WQ,delivery,2022-08-16 00:00:00
scZE9CoorAjDPO4CiVTRHg,delivery,2022-08-16 00:00:00
scZE9CoorAjDPO4CiVTRHg,pickup,2022-08-16 00:00:00
ZHErhyY2p1xd7vcuTXvbwA,delivery,2022-08-16 00:00:00
ZHErhyY2p1xd7vcuTXvbwA,pickup,2022-08-16 00:00:00
T3Pm0FFpxOrTUmX3zASXoA,delivery,2022-08-16 00:00:00
dAeObODKI5e8de3QpZVI3g,pickup,2022-08-16 00:00:00
dAeObODKI5e8de3QpZVI3g,delivery,2022-08-16 00:00:00
uss4btLte2_X8SdM9FPPkg,delivery,2022-08-16 00:00:00
t2b3RRs-tjOg-_TZd66mVQ,delivery,2022-08-16 00:00:00
WqQKSw8YEyyImnbzggmG5w,delivery,2022-08-16 00:00:00
KhI3zQmALGsZ6wH9c9v96Q,pickup,2022-08-16 00:00:00
KhI3zQmALGsZ6wH9c9v96Q,delivery,2022-08-16 00:00:00
6ibx5qR8YJ_AUpKUAVc1pw,pickup,2022-08-16 00:00:00
6ibx5qR8YJ_AUpKUAVc1pw,delivery,2022-08-16 00:00:00
-ribFN-n72wNn4bpfzuvgw,restaurant_reservation,2022-08-16 00:00:00
-ribFN-n72wNn4bpfzuvgw,delivery,2022-08-16 00:00:00
P9NgAzrjkUyUnsVQLQ7PGA,pickup,2022-08-16 00:00:00
P9NgAzrjkUyUnsVQLQ7PGA,delivery,2022-08-16 00:00:00
1UbASr--BrKzY6uacU5Qpw,delivery,2022-08-16 00:00:00
vB0EMRG2vo7a2K3fGXDtag,delivery,2022-08-16 00:00:00
Wi6LFkjIausYj277ru6pqg,delivery,2022-08-16 00:00:00
t09uh3l12ykJApZXOa3RzA,pickup,2022-08-16 00:00:00
t09uh3l12ykJApZXOa3RzA,delivery,2022-08-16 00:00:00
et4eWK49x5od4lfqCukG6w,pickup,2022-08-16 00:00:00
et4eWK49x5od4lfqCukG6w,delivery,2022-08-16 00:00:00
HZTlGFXupOqtPCyYkdeDIw,pickup,2022-08-16 00:00:00
HZTlGFXupOqtPCyYkdeDIw,delivery,2022-08-16 00:00:00
g3OPHA9bd06RZlaK5-rrlA,pickup,2022-08-16 00:00:00
g3OPHA9bd06RZlaK5-rrlA,delivery,2022-08-16 00:00:00
NednVdCzgm5KgVUe_HfHoA,delivery,2022-08-16 00:00:00
kgxtzOiI8hVWmxdj4az8Bg,pickup,2022-08-16 00:00:00
kgxtzOiI8hVWmxdj4az8Bg,delivery,2022-08-16 00:00:00
XzdA05aG8dvMBQQEgJwGiw,pickup,2022-08-16 00:00:00
XzdA05aG8dvMBQQEgJwGiw,delivery,2022-08-16 00:00:00
qESIVKVPI-Ubz9FVNNDtiA,delivery,2022-08-16 00:00:00
Lor2nktYi-oiKGeLsywr4w,delivery,2022-08-16 00:00:00
0YhErCv650yvmOv1aquj5A,pickup,2022-08-16 00:00:00
0YhErCv650yvmOv1aquj5A,delivery,2022-08-16 00:00:00
SIgWwwesalSpxXv6AwhNzA,pickup,2022-08-16 00:00:00
SIgWwwesalSpxXv6AwhNzA,delivery,2022-08-16 00:00:00
VmZ7HabwAYn07foJLbokdg,delivery,2022-08-16 00:00:00
MIyC-U26EjaFHeYvxo0ThQ,pickup,2022-08-16 00:00:00
MIyC-U26EjaFHeYvxo0ThQ,delivery,2022-08-16 00:00:00
i2tPuqKd9DH7bn1d0Vczkg,delivery,2022-08-16 00:00:00
loH8twRxYrUvjRPRMCJj_w,pickup,2022-08-16 00:00:00
loH8twRxYrUvjRPRMCJj_w,delivery,2022-08-16 00:00:00
__548uStp_t9U7px1FmK1g,pickup,2022-08-16 00:00:00
__548uStp_t9U7px1FmK1g,delivery,2022-08-16 00:00:00
6bfJ_M7lQvwwmgE6RtTeog,pickup,2022-08-16 00:00:00
6bfJ_M7lQvwwmgE6RtTeog,delivery,2022-08-16 00:00:00
dZAqSLx8_f_BIAtNOiODvA,pickup,2022-08-16 00:00:00
dZAqSLx8_f_BIAtNOiODvA,delivery,2022-08-16 00:00:00
mKcsSoKE7b1mxmtgtIqoaA,delivery,2022-08-16 00:00:00
LzRy0uXeR2vW6u6gYxgA6g,delivery,2022-08-16 00:00:00
88I5mTFd8FiW3DW5S6DHQg,pickup,2022-08-16 00:00:00
88I5mTFd8FiW3DW5S6DHQg,delivery,2022-08-16 00:00:00
AUp5NElxQWxG4iXZfCafqA,pickup,2022-08-16 00:00:00
AUp5NElxQWxG4iXZfCafqA,delivery,2022-08-16 00:00:00
6OalNOzm8Y0SjlK4WhM4lw,delivery,2022-08-16 00:00:00
I59RSxn6mPetERAEXRIkqA,delivery,2022-08-16 00:00:00
2tKReeueVYEuwBx_Ot-sOA,delivery,2022-08-16 00:00:00
JlrIVDcdHdtUnpM16CGumQ,delivery,2022-08-16 00:00:00
npuNF0vaDznmCaim4IBVMg,pickup,2022-08-16 00:00:00
npuNF0vaDznmCaim4IBVMg,delivery,2022-08-16 00:00:00
e_AXrva3OtBeCW_GGKY3kQ,delivery,2022-08-16 00:00:00
TMLD9iSY0L4YXf1gAFZiNA,delivery,2022-08-16 00:00:00
6_zxj1HKD8mSNI8Rh2cxog,pickup,2022-08-16 00:00:00
6_zxj1HKD8mSNI8Rh2cxog,delivery,2022-08-16 00:00:00
UvLTQakFo2DDFyLka0ECnw,pickup,2022-08-16 00:00:00
UvLTQakFo2DDFyLka0ECnw,delivery,2022-08-16 00:00:00
qj-J9ZtSHVsrwsXzatU7fA,delivery,2022-08-16 00:00:00
fVwU0ME_9o3aVrvDsZStZw,delivery,2022-08-16 00:00:00
fH8DNnPVZvloKK95tW8tmg,pickup,2022-08-16 00:00:00
fH8DNnPVZvloKK95tW8tmg,delivery,2022-08-16 00:00:00
B6SHEfpiqo2ffHpqdvucbw,delivery,2022-08-16 00:00:00
tYasAlTGwu9fuMtWCwA90g,pickup,2022-08-16 00:00:00
tYasAlTGwu9fuMtWCwA90g,delivery,2022-08-16 00:00:00
set4BJp5WvZYeRaRPR_Ikg,delivery,2022-08-16 00:00:00
dCwO2S65LZHuPg-WkKVajQ,pickup,2022-08-16 00:00:00
dCwO2S65LZHuPg-WkKVajQ,delivery,2022-08-16 00:00:00
IRQ2DezKxJllX-UvwpidEQ,pickup,2022-08-16 00:00:00
IRQ2DezKxJllX-UvwpidEQ,delivery,2022-08-16 00:00:00
yuU73fJeDO20n4AhNQGGvQ,pickup,2022-08-16 00:00:00
yuU73fJeDO20n4AhNQGGvQ,delivery,2022-08-16 00:00:00
wv3u2Ou6S9AVXQdBKN-fHA,delivery,2022-08-16 00:00:00
E2BYo2gg0rmhWCY1JkcTpA,pickup,2022-08-16 00:00:00
E2BYo2gg0rmhWCY1JkcTpA,delivery,2022-08-16 00:00:00
E2BYo2gg0rmhWCY1JkcTpA,restaurant_reservation,2022-08-16 00:00:00
a9iLwBAri52khGIR_rrUkw,pickup,2022-08-16 00:00:00
a9iLwBAri52khGIR_rrUkw,delivery,2022-08-16 00:00:00
NvTGTMkGvkODIqOlCseF3g,pickup,2022-08-16 00:00:00
NvTGTMkGvkODIqOlCseF3g,delivery,2022-08-16 00:00:00
8F2c7WIN_m5Y-gi9B6VUNg,pickup,2022-08-16 00:00:00
8F2c7WIN_m5Y-gi9B6VUNg,delivery,2022-08-16 00:00:00
ONBW1hS6AaA5_WW3yz5wyg,delivery,2022-08-16 00:00:00
rqE2_2jSC3Qm5bWAHaJgqQ,pickup,2022-08-16 00:00:00
rqE2_2jSC3Qm5bWAHaJgqQ,delivery,2022-08-16 00:00:00
ha6_Tq1CGGVT11vDqr3oYQ,pickup,2022-08-16 00:00:00
ha6_Tq1CGGVT11vDqr3oYQ,delivery,2022-08-16 00:00:00
UNpzmlq3lOpVVm4THYjXAQ,pickup,2022-08-16 00:00:00
UNpzmlq3lOpVVm4THYjXAQ,delivery,2022-08-16 00:00:00
UUoIThvoh8wRl0ekGaYhYA,pickup,2022-08-16 00:00:00
UUoIThvoh8wRl0ekGaYhYA,delivery,2022-08-16 00:00:00
A9dUrXhVZOxt3Hy2S5jVuQ,pickup,2022-08-16 00:00:00
A9dUrXhVZOxt3Hy2S5jVuQ,delivery,2022-08-16 00:00:00
s4TBcqOpkoZnjnyGmO_7_w,delivery,2022-08-16 00:00:00
WFdK84UjfyGplostKgfOiA,pickup,2022-08-16 00:00:00
WFdK84UjfyGplostKgfOiA,delivery,2022-08-16 00:00:00
5Q475Dwh_2UZMk1YfeCDzg,pickup,2022-08-16 00:00:00
5Q475Dwh_2UZMk1YfeCDzg,delivery,2022-08-16 00:00:00
NzUGHv_3FGGutllmNtAdRg,delivery,2022-08-16 00:00:00
NzUGHv_3FGGutllmNtAdRg,restaurant_reservation,2022-08-16 00:00:00
xcZZ0Gm81bl8xQfvws231A,pickup,2022-08-16 00:00:00
xcZZ0Gm81bl8xQfvws231A,delivery,2022-08-16 00:00:00
elIn9Sr5ysAd8Jm0oLnicQ,delivery,2022-08-16 00:00:00
JWtrqqPxfmc3g0NPoBJV3w,pickup,2022-08-16 00:00:00
JWtrqqPxfmc3g0NPoBJV3w,delivery,2022-08-16 00:00:00
JWtrqqPxfmc3g0NPoBJV3w,restaurant_reservation,2022-08-16 00:00:00
rOn-YKU9jWmwavBN9F4xsg,delivery,2022-08-16 00:00:00
08M3HVlCtr3xl6hmKOPl1g,delivery,2022-08-16 00:00:00
pdsYTqc8SdlHL8sDkPs4Mw,restaurant_reservation,2022-08-16 00:00:00
1kltyyJOETOpxkFa1sBdgQ,delivery,2022-08-16 00:00:00
vTz9X1K3UZWdYdajgEcwPQ,pickup,2022-08-16 00:00:00
vTz9X1K3UZWdYdajgEcwPQ,delivery,2022-08-16 00:00:00
3qsO7p4jghpn9qhHx_cvtw,delivery,2022-08-16 00:00:00
witROkozjVqJMsi_2X0Byw,delivery,2022-08-16 00:00:00
6vQNufIpXfxQmkXo7urdaQ,delivery,2022-08-16 00:00:00
GwEoCY_cTtiXZRQaL5yOhQ,pickup,2022-08-16 00:00:00
GwEoCY_cTtiXZRQaL5yOhQ,delivery,2022-08-16 00:00:00
jQ_R43o6HYkLzjpe-xD7AQ,delivery,2022-08-16 00:00:00
BY5xsa3f1YAOs6eB1FCI1g,pickup,2022-08-16 00:00:00
BY5xsa3f1YAOs6eB1FCI1g,delivery,2022-08-16 00:00:00
sLxobzy_UAfZ3q3A9MdtDA,delivery,2022-08-16 00:00:00
Z3T-dJuu-wdKyXXyZRehcQ,pickup,2022-08-16 00:00:00
Z3T-dJuu-wdKyXXyZRehcQ,delivery,2022-08-16 00:00:00
v9daiheQq39ebuIm18lyBg,pickup,2022-08-16 00:00:00
v9daiheQq39ebuIm18lyBg,delivery,2022-08-16 00:00:00
T7XmistL2pQrW3hY3oTpng,pickup,2022-08-16 00:00:00
T7XmistL2pQrW3hY3oTpng,delivery,2022-08-16 00:00:00
ftJ0h05irx1aYOeampH7Fw,delivery,2022-08-16 00:00:00
MMwXwUXM-HKAd01dGnIpIA,pickup,2022-08-16 00:00:00
MMwXwUXM-HKAd01dGnIpIA,delivery,2022-08-16 00:00:00
b_enj2EJgSKuXzj1TFGDyw,delivery,2022-08-16 00:00:00
1IMivcKgsN8xUL5dFKQK3w,pickup,2022-08-16 00:00:00
1IMivcKgsN8xUL5dFKQK3w,delivery,2022-08-16 00:00:00
Yh8ws9L4Ss-3QOdYXOH5ZA,pickup,2022-08-16 00:00:00
Yh8ws9L4Ss-3QOdYXOH5ZA,delivery,2022-08-16 00:00:00
PaiaMUEZTRspQqD2e1Obxg,delivery,2022-08-16 00:00:00
cnLSG2fDzd6X9J3eGtM5UA,pickup,2022-08-16 00:00:00
cnLSG2fDzd6X9J3eGtM5UA,delivery,2022-08-16 00:00:00
YSwmn9G7Zo69JcxMde3Ipw,delivery,2022-08-16 00:00:00
YSwmn9G7Zo69JcxMde3Ipw,pickup,2022-08-16 00:00:00
thzm0_5S1f0TWB1Aeeq6UQ,delivery,2022-08-16 00:00:00
thzm0_5S1f0TWB1Aeeq6UQ,pickup,2022-08-16 00:00:00
uSV5ADtSl5KJpz8s49FS7g,delivery,2022-08-16 00:00:00
uSV5ADtSl5KJpz8s49FS7g,pickup,2022-08-16 00:00:00
wqHrLZkr1NBgkgpVpwMdcg,delivery,2022-08-16 00:00:00
E3vTve8B2PJhA8Zs2IloDg,delivery,2022-08-16 00:00:00
wuS-gMIevms3ENoUO5Waxg,delivery,2022-08-16 00:00:00
0HGzdQ2HjA95IFQPQXb1vg,delivery,2022-08-16 00:00:00
p6nzyOLlPzkS7mjnqYnwmg,delivery,2022-08-16 00:00:00
q_mLoccAKqGS6Q2ABCVklQ,delivery,2022-08-16 00:00:00
q_mLoccAKqGS6Q2ABCVklQ,pickup,2022-08-16 00:00:00
9jJAPS5DUXUNnzcV6MAJFw,delivery,2022-08-16 00:00:00
ej6BfKC2K5dQERB3r_PzZQ,delivery,2022-08-16 00:00:00
0zOQ6gbOERAi-FoeM4fAig,delivery,2022-08-16 00:00:00
0zOQ6gbOERAi-FoeM4fAig,pickup,2022-08-16 00:00:00
OiE_FU-Q65Qc5_NemKN9FA,delivery,2022-08-16 00:00:00
p_FpV08AP2PUwZmlCsRDnA,pickup,2022-08-16 00:00:00
n6BLr6spgjVWqzUwmVx0bg,delivery,2022-08-16 00:00:00
n6BLr6spgjVWqzUwmVx0bg,pickup,2022-08-16 00:00:00
OUrYFr9H2Le8bA76AL9GUQ,delivery,2022-08-16 00:00:00
OUrYFr9H2Le8bA76AL9GUQ,pickup,2022-08-16 00:00:00
KMrr9hYyrK3J_V8lmeLQvA,delivery,2022-08-16 00:00:00
fAdnMYMnwJI2TV55x1eVFg,delivery,2022-08-16 00:00:00
fAdnMYMnwJI2TV55x1eVFg,pickup,2022-08-16 00:00:00
waj58I-aQwRgty3H_vo5OQ,delivery,2022-08-16 00:00:00
ziIcBDdIjKi8gShBrseCjA,delivery,2022-08-16 00:00:00
ziIcBDdIjKi8gShBrseCjA,pickup,2022-08-16 00:00:00
3gHtkEbcskM3S4zAd8H3FA,delivery,2022-08-16 00:00:00
3gHtkEbcskM3S4zAd8H3FA,pickup,2022-08-16 00:00:00
4Wpaz9XZZ12NdZrwA02RWw,delivery,2022-08-16 00:00:00
4Wpaz9XZZ12NdZrwA02RWw,pickup,2022-08-16 00:00:00
cqZVevkE28GrWXDymahdGw,delivery,2022-08-16 00:00:00
cqZVevkE28GrWXDymahdGw,pickup,2022-08-16 00:00:00
rDtJGrHmFv5V4pxtuSj4XQ,delivery,2022-08-16 00:00:00
ImD_yPE6pt4tyXiZxmwtTg,delivery,2022-08-16 00:00:00
ImD_yPE6pt4tyXiZxmwtTg,pickup,2022-08-16 00:00:00
0wtOwEp-ZepoaQVRETAswg,delivery,2022-08-16 00:00:00
KjYWIONljIBG7plmLVrLRA,delivery,2022-08-16 00:00:00
KjYWIONljIBG7plmLVrLRA,pickup,2022-08-16 00:00:00
sksVCruP-vlq4TprGHeM8A,delivery,2022-08-16 00:00:00
sksVCruP-vlq4TprGHeM8A,pickup,2022-08-16 00:00:00
edzGkH9Fd0chJbiTCDqq1A,delivery,2022-08-16 00:00:00
edzGkH9Fd0chJbiTCDqq1A,pickup,2022-08-16 00:00:00
QV4HWhgDg13nmqeGPMNKzw,delivery,2022-08-16 00:00:00
QV4HWhgDg13nmqeGPMNKzw,pickup,2022-08-16 00:00:00
tKhIjk5WEpQ44iyWGIXxLA,delivery,2022-08-16 00:00:00
tKhIjk5WEpQ44iyWGIXxLA,pickup,2022-08-16 00:00:00
KOLMVwoygn3Wqfw6CMrqaw,restaurant_reservation,2022-08-16 00:00:00
KOLMVwoygn3Wqfw6CMrqaw,pickup,2022-08-16 00:00:00
EjvVb7KlHfPEveBj9iQlWw,delivery,2022-08-16 00:00:00
EjvVb7KlHfPEveBj9iQlWw,pickup,2022-08-16 00:00:00
mpDxom2AkH4eNUXrHMJuCA,delivery,2022-08-16 00:00:00
0gBA7yFpIK1FiqyAZMaacg,delivery,2022-08-16 00:00:00
0gBA7yFpIK1FiqyAZMaacg,pickup,2022-08-16 00:00:00
58cEuMDzyS2TkDm_oYEROQ,delivery,2022-08-16 00:00:00
5ZicYrNlgXOP-ByT8tICIQ,delivery,2022-08-16 00:00:00
gZeDLREZGT9vKdQW4M1PaA,delivery,2022-08-16 00:00:00
RhwOYGx3GV1x_e_1FMhXKg,delivery,2022-08-16 00:00:00
RhwOYGx3GV1x_e_1FMhXKg,pickup,2022-08-16 00:00:00
bgonx3GuERtap8Np7Y7IFA,delivery,2022-08-16 00:00:00
4JP8b9tWlOSPUbaukD7CmQ,delivery,2022-08-16 00:00:00
4JP8b9tWlOSPUbaukD7CmQ,pickup,2022-08-16 00:00:00
XXO8vKCSqB0cz0rVTg1BJg,delivery,2022-08-16 00:00:00
dZm20KPXeTLPacw_oBlJSw,delivery,2022-08-16 00:00:00
dZm20KPXeTLPacw_oBlJSw,pickup,2022-08-16 00:00:00
-lhqcfDNXhMq0W5NQxylXw,delivery,2022-08-16 00:00:00
-lhqcfDNXhMq0W5NQxylXw,pickup,2022-08-16 00:00:00
I2eEvMp5gXGwx2Qxakzdjw,delivery,2022-08-16 00:00:00
I2eEvMp5gXGwx2Qxakzdjw,pickup,2022-08-16 00:00:00
OBvw1H90MmBVIHekfsHwEQ,delivery,2022-08-16 00:00:00
OBvw1H90MmBVIHekfsHwEQ,pickup,2022-08-16 00:00:00
FEfqd4UrvY1n0YNnz2PxGw,pickup,2022-08-16 00:00:00
X3G_pr33__hPztyn0f4w4w,delivery,2022-08-16 00:00:00
X3G_pr33__hPztyn0f4w4w,pickup,2022-08-16 00:00:00
qlMxvpFQHvR--8MFvx0T8g,delivery,2022-08-16 00:00:00
NA0HnXcXX1Vzio0hfBo3Pg,delivery,2022-08-16 00:00:00
NA0HnXcXX1Vzio0hfBo3Pg,pickup,2022-08-16 00:00:00
ewBo1ayQ_YLDb8WnhLceCg,delivery,2022-08-16 00:00:00
pE-IY0ESxv67j34JSkdvfg,delivery,2022-08-16 00:00:00
pE-IY0ESxv67j34JSkdvfg,pickup,2022-08-16 00:00:00
M64un1ge4i0r_ri5wdOHvA,delivery,2022-08-16 00:00:00
B_M9HFYQhaicWX6qCwNpvw,delivery,2022-08-16 00:00:00
B_M9HFYQhaicWX6qCwNpvw,pickup,2022-08-16 00:00:00
4IaolROHObe9RSuRtRZ0DA,delivery,2022-08-16 00:00:00
4IaolROHObe9RSuRtRZ0DA,pickup,2022-08-16 00:00:00
7yyDBhwcpSvlCSjsIclnmw,delivery,2022-08-16 00:00:00
7yyDBhwcpSvlCSjsIclnmw,pickup,2022-08-16 00:00:00
Y8t4us06vG1OG7TcqNTrZg,delivery,2022-08-16 00:00:00
Y8t4us06vG1OG7TcqNTrZg,pickup,2022-08-16 00:00:00
VxtRZHgoYtLL7IVLPbjX3A,delivery,2022-08-16 00:00:00
VxtRZHgoYtLL7IVLPbjX3A,pickup,2022-08-16 00:00:00
M892Bwhnuc6YEJOt9e4ohw,delivery,2022-08-16 00:00:00
M892Bwhnuc6YEJOt9e4ohw,pickup,2022-08-16 00:00:00
mB_qehR4S1CvWjBK9oV3kw,delivery,2022-08-16 00:00:00
mB_qehR4S1CvWjBK9oV3kw,pickup,2022-08-16 00:00:00
lg70lQ-5FYVn5C6_mx40jQ,delivery,2022-08-16 00:00:00
IMQRUEzah7RAvWi5w-jbqQ,delivery,2022-08-16 00:00:00
IMQRUEzah7RAvWi5w-jbqQ,pickup,2022-08-16 00:00:00
uHh9ajUnH3Fw3jhOoNpEGg,delivery,2022-08-16 00:00:00
bV1mCnkVkdaxyU2USs1FVw,delivery,2022-08-16 00:00:00
bV1mCnkVkdaxyU2USs1FVw,pickup,2022-08-16 00:00:00
wQhaeUhwpvj2T9HvTj_W3g,delivery,2022-08-16 00:00:00
wQhaeUhwpvj2T9HvTj_W3g,pickup,2022-08-16 00:00:00
Z3eU4XrLGAWBd5PNJtRk-Q,delivery,2022-08-16 00:00:00
Z3eU4XrLGAWBd5PNJtRk-Q,pickup,2022-08-16 00:00:00
YfPrEl86xGoGVltE8QgRGg,delivery,2022-08-16 00:00:00
YfPrEl86xGoGVltE8QgRGg,pickup,2022-08-16 00:00:00
crZp5-JAsKgWkW1akEYJsQ,delivery,2022-08-16 00:00:00
GFd_8ntaINMcZzm-rZqV2g,delivery,2022-08-16 00:00:00
GFd_8ntaINMcZzm-rZqV2g,pickup,2022-08-16 00:00:00
GMIXLtAWeGiQZrEm0XigPQ,delivery,2022-08-16 00:00:00
GMIXLtAWeGiQZrEm0XigPQ,pickup,2022-08-16 00:00:00
kJ_vJWR6kxWZuKCt9-Kk2A,delivery,2022-08-16 00:00:00
kJ_vJWR6kxWZuKCt9-Kk2A,pickup,2022-08-16 00:00:00
VJ9gsqxrMPb2rt58wyDswQ,delivery,2022-08-16 00:00:00
VJ9gsqxrMPb2rt58wyDswQ,pickup,2022-08-16 00:00:00
FJcS8oR8YIdICZ0F-Oh1PQ,delivery,2022-08-16 00:00:00
FJcS8oR8YIdICZ0F-Oh1PQ,pickup,2022-08-16 00:00:00
DxpLBbViz59k8ATJW-ivQg,delivery,2022-08-16 00:00:00
DxpLBbViz59k8ATJW-ivQg,pickup,2022-08-16 00:00:00
fw4SVu7LB43QM9FxoWXS0g,delivery,2022-08-16 00:00:00
fw4SVu7LB43QM9FxoWXS0g,pickup,2022-08-16 00:00:00
gnT_3A56pavSU21Qd7iO8g,delivery,2022-08-16 00:00:00
gnT_3A56pavSU21Qd7iO8g,pickup,2022-08-16 00:00:00
BKFX5Wav0h92s1Vq6AEmbQ,delivery,2022-08-16 00:00:00
jzZatlgnWJfdTT_hY7NHLw,pickup,2022-08-16 00:00:00
Wacc8wdsAAdcZ6YlCSz9Kw,delivery,2022-08-16 00:00:00
Wacc8wdsAAdcZ6YlCSz9Kw,pickup,2022-08-16 00:00:00
sJTufuZUdGhhgx-w2388Tg,delivery,2022-08-16 00:00:00
sJTufuZUdGhhgx-w2388Tg,pickup,2022-08-16 00:00:00
ud5NuBZka9lVZdRlhQDrjQ,delivery,2022-08-16 00:00:00
ud5NuBZka9lVZdRlhQDrjQ,pickup,2022-08-16 00:00:00
8VsMux4zWPv48V1xbihszA,delivery,2022-08-16 00:00:00
8VsMux4zWPv48V1xbihszA,pickup,2022-08-16 00:00:00
92PwKMAjdRQt90O-FD4EJQ,delivery,2022-08-16 00:00:00
92PwKMAjdRQt90O-FD4EJQ,pickup,2022-08-16 00:00:00
sz8nFglGE9M3NNF2XUdEPQ,delivery,2022-08-16 00:00:00
LCiJZkDsKmML9fkN2gZUzw,delivery,2022-08-16 00:00:00
LCiJZkDsKmML9fkN2gZUzw,pickup,2022-08-16 00:00:00
h5Nto6gYHmlM8YPxLAH8yg,delivery,2022-08-16 00:00:00
nyf0Mrr8MhVcu2Dmpnuo-w,delivery,2022-08-16 00:00:00
nyf0Mrr8MhVcu2Dmpnuo-w,pickup,2022-08-16 00:00:00
COUTcLZmuMHeooq4ovcn5w,delivery,2022-08-16 00:00:00
COUTcLZmuMHeooq4ovcn5w,pickup,2022-08-16 00:00:00
gUVnPAgrn0g0AHjbXh-THg,delivery,2022-08-16 00:00:00
gUVnPAgrn0g0AHjbXh-THg,pickup,2022-08-16 00:00:00
rgLOydVi8jO32NhsQGIorg,delivery,2022-08-16 00:00:00
54BMKlZDJoE67l9d0E92iQ,delivery,2022-08-16 00:00:00
fQtmD4DP12fMlrAnfC-zGA,delivery,2022-08-16 00:00:00
fQtmD4DP12fMlrAnfC-zGA,pickup,2022-08-16 00:00:00
2KG_Fj5dtucCe4GxbONd5w,delivery,2022-08-16 00:00:00
2KG_Fj5dtucCe4GxbONd5w,pickup,2022-08-16 00:00:00
UrTQ64I871opm4jxRdaa2Q,delivery,2022-08-16 00:00:00
UrTQ64I871opm4jxRdaa2Q,pickup,2022-08-16 00:00:00
6i8EM7X0mGJesKeHgHZ17g,delivery,2022-08-16 00:00:00
gu2Iqf56jF_O3iR9CPswvA,delivery,2022-08-16 00:00:00
gu2Iqf56jF_O3iR9CPswvA,pickup,2022-08-16 00:00:00
gVJgVlEsWul-QbAcMiupzg,delivery,2022-08-16 00:00:00
gVJgVlEsWul-QbAcMiupzg,pickup,2022-08-16 00:00:00
7u5WUcUR8GXvWJQ3-VU1vg,delivery,2022-08-16 00:00:00
7u5WUcUR8GXvWJQ3-VU1vg,pickup,2022-08-16 00:00:00
z3UC4jtl4r0WrAT_TvyFRw,delivery,2022-08-16 00:00:00
W-VN-2rxF_1a5hP4XkxBXA,delivery,2022-08-16 00:00:00
W-VN-2rxF_1a5hP4XkxBXA,pickup,2022-08-16 00:00:00
qLdb6V3umTfpsuZz2uD9eQ,delivery,2022-08-16 00:00:00
qLdb6V3umTfpsuZz2uD9eQ,pickup,2022-08-16 00:00:00
GXx9scBeTooRK1fcB4U61g,delivery,2022-08-16 00:00:00
GXx9scBeTooRK1fcB4U61g,pickup,2022-08-16 00:00:00
VA4pB-l76sunIqCFFP-6lg,delivery,2022-08-16 00:00:00
BucoB9UtVg4hVWocoBZmRg,delivery,2022-08-16 00:00:00
EQsPI38huGryYFiQr65hxA,delivery,2022-08-16 00:00:00
EQsPI38huGryYFiQr65hxA,pickup,2022-08-16 00:00:00
TCigoEeVyCBNgYDPhfeVIQ,delivery,2022-08-16 00:00:00
TCigoEeVyCBNgYDPhfeVIQ,pickup,2022-08-16 00:00:00
PkWVWtzNItUlo8RVFztinQ,delivery,2022-08-16 00:00:00
PkWVWtzNItUlo8RVFztinQ,pickup,2022-08-16 00:00:00
JC3rQWUEtbfptZplVYLCcw,delivery,2022-08-16 00:00:00
JC3rQWUEtbfptZplVYLCcw,pickup,2022-08-16 00:00:00
RQ1V_eNdeZGGWkUcHvDLZA,delivery,2022-08-16 00:00:00
SUZCzC6X4Hh8Ww7ZwYmWZQ,delivery,2022-08-16 00:00:00
SUZCzC6X4Hh8Ww7ZwYmWZQ,pickup,2022-08-16 00:00:00
6CxoKzPerEnqthyNwdS76w,delivery,2022-08-16 00:00:00
CyTxIkdRWNCDdfp5j-h1Bw,delivery,2022-08-16 00:00:00
CyTxIkdRWNCDdfp5j-h1Bw,pickup,2022-08-16 00:00:00
YiqbI1zr5dd8qTVw6GMzAA,delivery,2022-08-16 00:00:00
2dJiZfjTjNayPiey0AAo2Q,delivery,2022-08-16 00:00:00
2dJiZfjTjNayPiey0AAo2Q,pickup,2022-08-16 00:00:00
AfUw9xtEw0TeDlNedfQoDg,delivery,2022-08-16 00:00:00
AfUw9xtEw0TeDlNedfQoDg,pickup,2022-08-16 00:00:00
fBPCtEhEEHX2xAfNY3aJNw,delivery,2022-08-16 00:00:00
vEjHr-bb1IOHmD2QM3F-OQ,delivery,2022-08-16 00:00:00
vEjHr-bb1IOHmD2QM3F-OQ,pickup,2022-08-16 00:00:00
daKeFxTgt_WahSbzBbUfjQ,delivery,2022-08-16 00:00:00
jOAXgMYGp8wXXW1YE3yMhg,delivery,2022-08-16 00:00:00
AyTU1qlxPdFLfTlEbkr0QQ,delivery,2022-08-16 00:00:00
kt5qO7Q0S4TdkGBtSK0EnA,delivery,2022-08-16 00:00:00
kt5qO7Q0S4TdkGBtSK0EnA,pickup,2022-08-16 00:00:00
u7SY4EWoUG5gcs_EM9RvNg,delivery,2022-08-16 00:00:00
u7SY4EWoUG5gcs_EM9RvNg,pickup,2022-08-16 00:00:00
ZbwnRI2cPisShwBzv3s1dw,delivery,2022-08-16 00:00:00
ZbwnRI2cPisShwBzv3s1dw,pickup,2022-08-16 00:00:00
MpyrQiR9a1QYwNVOnKTOYg,pickup,2022-08-16 00:00:00
MpyrQiR9a1QYwNVOnKTOYg,delivery,2022-08-16 00:00:00
RsdXySmwsNE7EkS4SQK-Dw,pickup,2022-08-16 00:00:00
RsdXySmwsNE7EkS4SQK-Dw,delivery,2022-08-16 00:00:00
XPoJa4sezeAu36-s_853Zw,restaurant_reservation,2022-08-16 00:00:00
XPoJa4sezeAu36-s_853Zw,delivery,2022-08-16 00:00:00
2fHYJVNJKBm9Qdr7o_ykGg,delivery,2022-08-16 00:00:00
F3HCt2CyYqFHoxUyvugEyQ,delivery,2022-08-16 00:00:00
3j0mbVydssyv8qXAEmvHGw,pickup,2022-08-16 00:00:00
3j0mbVydssyv8qXAEmvHGw,delivery,2022-08-16 00:00:00
9JP8bMNfYCqG9zHGawFY6A,pickup,2022-08-16 00:00:00
9JP8bMNfYCqG9zHGawFY6A,delivery,2022-08-16 00:00:00
xIjByCkyXbsJ5diSO-nYCw,pickup,2022-08-16 00:00:00
xIjByCkyXbsJ5diSO-nYCw,delivery,2022-08-16 00:00:00
ehRi1S7QHUvl5LCJhEoepg,delivery,2022-08-16 00:00:00
MYHP56oiUNFjxeqp58KibQ,delivery,2022-08-16 00:00:00
FAjgdbv_fOaiQS62YsJMpw,pickup,2022-08-16 00:00:00
rL4efHgfZ9dn4kRUJI2Hrg,pickup,2022-08-16 00:00:00
rL4efHgfZ9dn4kRUJI2Hrg,delivery,2022-08-16 00:00:00
Jb_4rXfcEUg-H5c4RaMtpQ,delivery,2022-08-16 00:00:00
aMzWfHQlUnRzfIl5jivs0A,pickup,2022-08-16 00:00:00
aMzWfHQlUnRzfIl5jivs0A,delivery,2022-08-16 00:00:00
Ns5fkqfsvcMS-KTW7CKsPw,pickup,2022-08-16 00:00:00
Ns5fkqfsvcMS-KTW7CKsPw,delivery,2022-08-16 00:00:00
EOxc9neejR8NX90bfXlBYQ,pickup,2022-08-16 00:00:00
EOxc9neejR8NX90bfXlBYQ,delivery,2022-08-16 00:00:00
fAwy6nzSBvgy7SbJJlYdDA,pickup,2022-08-16 00:00:00
fAwy6nzSBvgy7SbJJlYdDA,delivery,2022-08-16 00:00:00
vlz27XvIB1eQ-r-qfBcuWw,pickup,2022-08-16 00:00:00
vlz27XvIB1eQ-r-qfBcuWw,delivery,2022-08-16 00:00:00
XbRTv9Yq4C8XvAi3xe2kXw,pickup,2022-08-16 00:00:00
XbRTv9Yq4C8XvAi3xe2kXw,delivery,2022-08-16 00:00:00
zAySfqDaGhW6tM4CC90NLg,pickup,2022-08-16 00:00:00
zAySfqDaGhW6tM4CC90NLg,delivery,2022-08-16 00:00:00
hYy6ogkkk7-bDXmd71CPeg,pickup,2022-08-16 00:00:00
hYy6ogkkk7-bDXmd71CPeg,delivery,2022-08-16 00:00:00
SQKRGzDa7qd8qHb13Z2-Hg,pickup,2022-08-16 00:00:00
SQKRGzDa7qd8qHb13Z2-Hg,delivery,2022-08-16 00:00:00
jNZybBdaeAIQGP0c6mTa6Q,pickup,2022-08-16 00:00:00
jNZybBdaeAIQGP0c6mTa6Q,delivery,2022-08-16 00:00:00
ZdPZJmx7wiMsWgKXxEekaA,delivery,2022-08-16 00:00:00
VcB2i_9vdtcBraRnF-GuuA,pickup,2022-08-16 00:00:00
VcB2i_9vdtcBraRnF-GuuA,delivery,2022-08-16 00:00:00
ViBnHmK8LJwO3qaEb7cZKQ,delivery,2022-08-16 00:00:00
VUIrdib8CoMJgd8bVH91QA,pickup,2022-08-16 00:00:00
VUIrdib8CoMJgd8bVH91QA,delivery,2022-08-16 00:00:00
iL-lwGqJnB32zx7s8TcBqQ,delivery,2022-08-16 00:00:00
PPQl2cGmihUtYh5aZ98ayg,delivery,2022-08-16 00:00:00
nrAnZQQsZJD_mqh2aZK9Pw,delivery,2022-08-16 00:00:00
52VtaJnuXu6jR8Te-yReJw,delivery,2022-08-16 00:00:00
52VtaJnuXu6jR8Te-yReJw,pickup,2022-08-16 00:00:00
_lQGmkw63PESnnffUzl4fg,delivery,2022-08-16 00:00:00
_lQGmkw63PESnnffUzl4fg,pickup,2022-08-16 00:00:00
qpfE2YYAN4DsKo_46yv2Qg,delivery,2022-08-16 00:00:00
4_JFktDeTgrcuVYxPw2uZQ,delivery,2022-08-16 00:00:00
4_JFktDeTgrcuVYxPw2uZQ,pickup,2022-08-16 00:00:00
i0RL4Y5cpBRs2_fjvgaEsg,delivery,2022-08-16 00:00:00
i0RL4Y5cpBRs2_fjvgaEsg,pickup,2022-08-16 00:00:00
VSWKoV1zTtjyEXAFJwdeHA,delivery,2022-08-16 00:00:00
VSWKoV1zTtjyEXAFJwdeHA,pickup,2022-08-16 00:00:00
wx9wFL8MSvPtUv0727nzSg,delivery,2022-08-16 00:00:00
tsx9nYQlKffGA5yH2NnT3A,delivery,2022-08-16 00:00:00
wUOOAjZcnE2sOd2_9SSyJw,delivery,2022-08-16 00:00:00
wUOOAjZcnE2sOd2_9SSyJw,pickup,2022-08-16 00:00:00
wUOOAjZcnE2sOd2_9SSyJw,restaurant_reservation,2022-08-16 00:00:00
mUtrinuyznLic5wYc09LeA,delivery,2022-08-16 00:00:00
mUtrinuyznLic5wYc09LeA,pickup,2022-08-16 00:00:00
9kh888YAkoFPYXKOh-aZpg,delivery,2022-08-16 00:00:00
AlejNzur3vXfxiBErC_DOA,delivery,2022-08-16 00:00:00
AlejNzur3vXfxiBErC_DOA,pickup,2022-08-16 00:00:00
krKAHQH6UwAIeLxjDxdenA,delivery,2022-08-16 00:00:00
krKAHQH6UwAIeLxjDxdenA,pickup,2022-08-16 00:00:00
picSw4rrQCoJSz0Abky_bw,delivery,2022-08-16 00:00:00
7DPYPiqvGluEN_UXHTBhTQ,delivery,2022-08-16 00:00:00
7DPYPiqvGluEN_UXHTBhTQ,pickup,2022-08-16 00:00:00
pbX1NdJlCCdVEkSDfrQFgQ,delivery,2022-08-16 00:00:00
pbX1NdJlCCdVEkSDfrQFgQ,pickup,2022-08-16 00:00:00
jB72htEFBFlHdAvrfcau4A,delivery,2022-08-16 00:00:00
jB72htEFBFlHdAvrfcau4A,pickup,2022-08-16 00:00:00
W4_HA3d0f66_6KGIPPC3fw,delivery,2022-08-16 00:00:00
W4_HA3d0f66_6KGIPPC3fw,pickup,2022-08-16 00:00:00
djjEdAZkY4eyzI3_8TBLVA,delivery,2022-08-16 00:00:00
djjEdAZkY4eyzI3_8TBLVA,pickup,2022-08-16 00:00:00
eeHm1KLumdOq5on1MMwGYw,delivery,2022-08-16 00:00:00
eeHm1KLumdOq5on1MMwGYw,pickup,2022-08-16 00:00:00
s-h-25qUy1m3Hsn-GJoj9w,pickup,2022-08-16
s-h-25qUy1m3Hsn-GJoj9w,delivery,2022-08-16
bmcF-NagriWMUTcMEpe_2Q,pickup,2022-08-16
bmcF-NagriWMUTcMEpe_2Q,delivery,2022-08-16
JpxUheTqemwlWJRbTcPjUg,pickup,2022-08-16
JpxUheTqemwlWJRbTcPjUg,delivery,2022-08-16
s5dtSbslpUqatRKGboEOvw,pickup,2022-08-16
s5dtSbslpUqatRKGboEOvw,delivery,2022-08-16
m47g3iYFOAnbJWSAasSkhA,delivery,2022-08-16
1j34DmPn9hzjY78m-S8FRA,pickup,2022-08-16
1j34DmPn9hzjY78m-S8FRA,delivery,2022-08-16
NLYrsxu44mxxQVug77ROxA,pickup,2022-08-16
NLYrsxu44mxxQVug77ROxA,delivery,2022-08-16
USoCUrnuGw1mwzVpo_dlmA,pickup,2022-08-16
USoCUrnuGw1mwzVpo_dlmA,delivery,2022-08-16
E1mLCviqRez8-kfcteNdyw,delivery,2022-08-16
62CCnonJjUrXv2WfN4N_xA,pickup,2022-08-16
62CCnonJjUrXv2WfN4N_xA,delivery,2022-08-16
mo36MO1yO1zxNh5f1bJ9fw,pickup,2022-08-16
mo36MO1yO1zxNh5f1bJ9fw,delivery,2022-08-16
h_uBNJO_Mv8Rqgv1add4wg,delivery,2022-08-16
IO8zJXpe8pi8J9xvCPP7rw,pickup,2022-08-16
IO8zJXpe8pi8J9xvCPP7rw,delivery,2022-08-16
Yd4Cxd9aVP65EE66tAjgjQ,pickup,2022-08-16
Yd4Cxd9aVP65EE66tAjgjQ,delivery,2022-08-16
MoEFowzpF2dlBFOhW1L0WQ,delivery,2022-08-16
MGZAR6sSwzrFM8jdWpT0gg,delivery,2022-08-16
SkkJng4iLrfP5cU-U9Y-Ag,delivery,2022-08-16
R7x5NDkXDB_ZAAFrsklwxA,pickup,2022-08-16
R7x5NDkXDB_ZAAFrsklwxA,delivery,2022-08-16
jW3fDH6JjtQC8GhQDtm4Fw,pickup,2022-08-16
jW3fDH6JjtQC8GhQDtm4Fw,delivery,2022-08-16
AjRFPwrBnwW7yQUSIvrcVg,pickup,2022-08-16
AjRFPwrBnwW7yQUSIvrcVg,delivery,2022-08-16
OPX6UOvrl6kHNB5bQRrbUA,pickup,2022-08-16
OPX6UOvrl6kHNB5bQRrbUA,delivery,2022-08-16
Xbv5b-oYxI-osp5MmzMKNQ,pickup,2022-08-16
Xbv5b-oYxI-osp5MmzMKNQ,delivery,2022-08-16
Kdkhgf1sELRD2bt52j8W3A,pickup,2022-08-16
Kdkhgf1sELRD2bt52j8W3A,delivery,2022-08-16
S9EQjS7OXT6Xj7_5l1NEbw,pickup,2022-08-16
S9EQjS7OXT6Xj7_5l1NEbw,delivery,2022-08-16